{
  "regions": {
    "Region I - Ilocos Region": {
      "provinces": ["Ilocos Norte", "Ilocos Sur", "La Union", "Pangasinan"],
      "cities": [
        "Laoag",
        "Vigan",
        "San Fernando",
        "Lingayen",
        "Dagupan",
        "Urdaneta",
        "Alaminos",
        "San Carlos",
        "Candon",
        "Batac",
        "Bacarra",
        "Badoc",
        "Bangui",
        "Banna",
        "Burgos",
        "Carasi",
        "Currimao",
        "Dingras",
        "Dumalneg",
        "Marcos",
        "Nueva Era",
        "Pagudpud",
        "Paoay",
        "Pasuquin",
        "Piddig",
        "Pinili",
        "San Nicolas",
        "Sarrat",
        "Solsona",
        "Vintar",
        "Alilem",
        "Banayoyo",
        "Bantay",
        "Burgos",
        "Cabugao",
        "Caoayan",
        "Cervantes",
        "Galimuyod",
        "Gregorio del Pilar",
        "Lidlidda",
        "Magsingal",
        "Nagbukel",
        "Narvacan",
        "Quirino",
        "Salcedo",
        "San Emilio",
        "San Esteban",
        "San Ildefonso",
        "San Juan",
        "San Vicente",
        "Santa",
        "Santa Catalina",
        "Santa Cruz",
        "Santa Lucia",
        "Santa Maria",
        "Santiago",
        "Santo Domingo",
        "Sigay",
        "Sinait",
        "Sugpon",
        "Suyo",
        "Tagudin",
        "Agoo",
        "Aringay",
        "Bacnotan",
        "Bagulin",
        "Balaoan",
        "Bangar",
        "Bauang",
        "Burgos",
        "Caba",
        "Luna",
        "Naguilian",
        "Pugo",
        "Rosario",
        "San Gabriel",
        "San Juan",
        "Santo Tomas",
        "Santol",
        "Sudipen",
        "Tubao",
        "Agno",
        "Aguilar",
        "Alcala",
        "Anda",
        "Asingan",
        "Balungao",
        "Bani",
        "Basista",
        "Bautista",
        "Bayambang",
        "Binalonan",
        "Binmaley",
        "Bolinao",
        "Bugallon",
        "Burgos",
        "Calasiao",
        "Dasol",
        "Infanta",
        "Labrador",
        "Laoac",
        "Mabini",
        "Malasiqui",
        "Manaoag",
        "Mangaldan",
        "Mangatarem",
        "Mapandan",
        "Natividad",
        "Pozorrubio",
        "Rosales",
        "San Fabian",
        "San Jacinto",
        "San Manuel",
        "San Nicolas",
        "San Quintin",
        "Santa Barbara",
        "Santa Maria",
        "Santo Tomas",
        "Sison",
        "Sual",
        "Tayug",
        "Umingan",
        "Urbiztondo",
        "Villasis"
      ],
      "cityProvinceMap": {
        "Laoag": "Ilocos Norte",
        "Batac": "Ilocos Norte",
        "Bacarra": "Ilocos Norte",
        "Badoc": "Ilocos Norte",
        "Bangui": "Ilocos Norte",
        "Banna": "Ilocos Norte",
        "Burgos": "Ilocos Norte",
        "Carasi": "Ilocos Norte",
        "Currimao": "Ilocos Norte",
        "Dingras": "Ilocos Norte",
        "Dumalneg": "Ilocos Norte",
        "Marcos": "Ilocos Norte",
        "Nueva Era": "Ilocos Norte",
        "Pagudpud": "Ilocos Norte",
        "Paoay": "Ilocos Norte",
        "Pasuquin": "Ilocos Norte",
        "Piddig": "Ilocos Norte",
        "Pinili": "Ilocos Norte",
        "San Nicolas": "Ilocos Norte",
        "Sarrat": "Ilocos Norte",
        "Solsona": "Ilocos Norte",
        "Vintar": "Ilocos Norte",
        "Vigan": "Ilocos Sur",
        "Candon": "Ilocos Sur",
        "Alilem": "Ilocos Sur",
        "Banayoyo": "Ilocos Sur",
        "Bantay": "Ilocos Sur",
        "Burgos": "Ilocos Sur",
        "Cabugao": "Ilocos Sur",
        "Caoayan": "Ilocos Sur",
        "Cervantes": "Ilocos Sur",
        "Galimuyod": "Ilocos Sur",
        "Gregorio del Pilar": "Ilocos Sur",
        "Lidlidda": "Ilocos Sur",
        "Magsingal": "Ilocos Sur",
        "Nagbukel": "Ilocos Sur",
        "Narvacan": "Ilocos Sur",
        "Quirino": "Ilocos Sur",
        "Salcedo": "Ilocos Sur",
        "San Emilio": "Ilocos Sur",
        "San Esteban": "Ilocos Sur",
        "San Ildefonso": "Ilocos Sur",
        "San Juan": "Ilocos Sur",
        "San Vicente": "Ilocos Sur",
        "Santa": "Ilocos Sur",
        "Santa Catalina": "Ilocos Sur",
        "Santa Cruz": "Ilocos Sur",
        "Santa Lucia": "Ilocos Sur",
        "Santa Maria": "Ilocos Sur",
        "Santiago": "Ilocos Sur",
        "Santo Domingo": "Ilocos Sur",
        "Sigay": "Ilocos Sur",
        "Sinait": "Ilocos Sur",
        "Sugpon": "Ilocos Sur",
        "Suyo": "Ilocos Sur",
        "Tagudin": "Ilocos Sur",
        "San Fernando": "La Union",
        "Agoo": "La Union",
        "Aringay": "La Union",
        "Bacnotan": "La Union",
        "Bagulin": "La Union",
        "Balaoan": "La Union",
        "Bangar": "La Union",
        "Bauang": "La Union",
        "Burgos": "La Union",
        "Caba": "La Union",
        "Luna": "La Union",
        "Naguilian": "La Union",
        "Pugo": "La Union",
        "Rosario": "La Union",
        "San Gabriel": "La Union",
        "San Juan": "La Union",
        "Santo Tomas": "La Union",
        "Santol": "La Union",
        "Sudipen": "La Union",
        "Tubao": "La Union",
        "Lingayen": "Pangasinan",
        "Dagupan": "Pangasinan",
        "Urdaneta": "Pangasinan",
        "Alaminos": "Pangasinan",
        "San Carlos": "Pangasinan",
        "Agno": "Pangasinan",
        "Aguilar": "Pangasinan",
        "Alcala": "Pangasinan",
        "Anda": "Pangasinan",
        "Asingan": "Pangasinan",
        "Balungao": "Pangasinan",
        "Bani": "Pangasinan",
        "Basista": "Pangasinan",
        "Bautista": "Pangasinan",
        "Bayambang": "Pangasinan",
        "Binalonan": "Pangasinan",
        "Binmaley": "Pangasinan",
        "Bolinao": "Pangasinan",
        "Bugallon": "Pangasinan",
        "Burgos": "Pangasinan",
        "Calasiao": "Pangasinan",
        "Dasol": "Pangasinan",
        "Infanta": "Pangasinan",
        "Labrador": "Pangasinan",
        "Laoac": "Pangasinan",
        "Mabini": "Pangasinan",
        "Malasiqui": "Pangasinan",
        "Manaoag": "Pangasinan",
        "Mangaldan": "Pangasinan",
        "Mangatarem": "Pangasinan",
        "Mapandan": "Pangasinan",
        "Natividad": "Pangasinan",
        "Pozorrubio": "Pangasinan",
        "Rosales": "Pangasinan",
        "San Fabian": "Pangasinan",
        "San Jacinto": "Pangasinan",
        "San Manuel": "Pangasinan",
        "San Nicolas": "Pangasinan",
        "San Quintin": "Pangasinan",
        "Santa Barbara": "Pangasinan",
        "Santa Maria": "Pangasinan",
        "Santo Tomas": "Pangasinan",
        "Sison": "Pangasinan",
        "Sual": "Pangasinan",
        "Tayug": "Pangasinan",
        "Umingan": "Pangasinan",
        "Urbiztondo": "Pangasinan",
        "Villasis": "Pangasinan"
      }
    },
    "Region II - Cagayan Valley": {
      "provinces": [
        "Batanes",
        "Cagayan",
        "Isabela",
        "Nueva Vizcaya",
        "Quirino"
      ],
      "cities": [
        "Tuguegarao",
        "Ilagan",
        "Bayombong",
        "Cabarroguis",
        "Basco",
        "Cauayan",
        "Santiago",
        "Abulug",
        "Alcala",
        "Allacapan",
        "Amulung",
        "Aparri",
        "Baggao",
        "Ballesteros",
        "Buguey",
        "Calayan",
        "Camalaniugan",
        "Claveria",
        "Enrile",
        "Gattaran",
        "Gonzaga",
        "Iguig",
        "Lal-lo",
        "Lasam",
        "Pamplona",
        "Penablanca",
        "Piat",
        "Rizal",
        "Sanchez-Mira",
        "Santa Ana",
        "Santa Praxedes",
        "Santa Teresita",
        "Santo Nino",
        "Solana",
        "Tuao",
        "Itbayat",
        "Ivana",
        "Mahatao",
        "Sabtang",
        "Uyugan",
        "Alicia",
        "Angadanan",
        "Aurora",
        "Benito Soliven",
        "Burgos",
        "Cabagan",
        "Cabatuan",
        "Cordon",
        "Delfin Albano",
        "Dinapigue",
        "Divilacan",
        "Echague",
        "Gamu",
        "Jones",
        "Luna",
        "Maconacon",
        "Mallig",
        "Naguilian",
        "Palanan",
        "Quezon",
        "Quirino",
        "Ramon",
        "Reina Mercedes",
        "Roxas",
        "San Agustin",
        "San Guillermo",
        "San Isidro",
        "San Manuel",
        "San Mariano",
        "San Mateo",
        "San Pablo",
        "Santa Maria",
        "Santo Tomas",
        "Tumauini",
        "Alfonso Castañeda",
        "Ambaguio",
        "Aritao",
        "Bagabag",
        "Bambang",
        "Diadi",
        "Dupax del Norte",
        "Dupax del Sur",
        "Kasibu",
        "Kayapa",
        "Quezon",
        "Santa Fe",
        "Solano",
        "Villaverde",
        "Aglipay",
        "Diffun",
        "Maddela",
        "Nagtipunan",
        "Saguday"
      ],
      "cityProvinceMap": {
        "Basco": "Batanes",
        "Itbayat": "Batanes",
        "Ivana": "Batanes",
        "Mahatao": "Batanes",
        "Sabtang": "Batanes",
        "Uyugan": "Batanes",
        "Tuguegarao": "Cagayan",
        "Abulug": "Cagayan",
        "Alcala": "Cagayan",
        "Allacapan": "Cagayan",
        "Amulung": "Cagayan",
        "Aparri": "Cagayan",
        "Baggao": "Cagayan",
        "Ballesteros": "Cagayan",
        "Buguey": "Cagayan",
        "Calayan": "Cagayan",
        "Camalaniugan": "Cagayan",
        "Claveria": "Cagayan",
        "Enrile": "Cagayan",
        "Gattaran": "Cagayan",
        "Gonzaga": "Cagayan",
        "Iguig": "Cagayan",
        "Lal-lo": "Cagayan",
        "Lasam": "Cagayan",
        "Pamplona": "Cagayan",
        "Penablanca": "Cagayan",
        "Piat": "Cagayan",
        "Rizal": "Cagayan",
        "Sanchez-Mira": "Cagayan",
        "Santa Ana": "Cagayan",
        "Santa Praxedes": "Cagayan",
        "Santa Teresita": "Cagayan",
        "Santo Nino": "Cagayan",
        "Solana": "Cagayan",
        "Tuao": "Cagayan",
        "Ilagan": "Isabela",
        "Cauayan": "Isabela",
        "Santiago": "Isabela",
        "Alicia": "Isabela",
        "Angadanan": "Isabela",
        "Aurora": "Isabela",
        "Benito Soliven": "Isabela",
        "Burgos": "Isabela",
        "Cabagan": "Isabela",
        "Cabatuan": "Isabela",
        "Cordon": "Isabela",
        "Delfin Albano": "Isabela",
        "Dinapigue": "Isabela",
        "Divilacan": "Isabela",
        "Echague": "Isabela",
        "Gamu": "Isabela",
        "Jones": "Isabela",
        "Luna": "Isabela",
        "Maconacon": "Isabela",
        "Mallig": "Isabela",
        "Naguilian": "Isabela",
        "Palanan": "Isabela",
        "Quezon": "Isabela",
        "Quirino": "Isabela",
        "Ramon": "Isabela",
        "Reina Mercedes": "Isabela",
        "Roxas": "Isabela",
        "San Agustin": "Isabela",
        "San Guillermo": "Isabela",
        "San Isidro": "Isabela",
        "San Manuel": "Isabela",
        "San Mariano": "Isabela",
        "San Mateo": "Isabela",
        "San Pablo": "Isabela",
        "Santa Maria": "Isabela",
        "Santo Tomas": "Isabela",
        "Tumauini": "Isabela",
        "Bayombong": "Nueva Vizcaya",
        "Alfonso Castañeda": "Nueva Vizcaya",
        "Ambaguio": "Nueva Vizcaya",
        "Aritao": "Nueva Vizcaya",
        "Bagabag": "Nueva Vizcaya",
        "Bambang": "Nueva Vizcaya",
        "Diadi": "Nueva Vizcaya",
        "Dupax del Norte": "Nueva Vizcaya",
        "Dupax del Sur": "Nueva Vizcaya",
        "Kasibu": "Nueva Vizcaya",
        "Kayapa": "Nueva Vizcaya",
        "Quezon": "Nueva Vizcaya",
        "Santa Fe": "Nueva Vizcaya",
        "Solano": "Nueva Vizcaya",
        "Villaverde": "Nueva Vizcaya",
        "Cabarroguis": "Quirino",
        "Aglipay": "Quirino",
        "Diffun": "Quirino",
        "Maddela": "Quirino",
        "Nagtipunan": "Quirino",
        "Saguday": "Quirino"
      }
    },
    "Region III - Central Luzon": {
      "provinces": [
        "Aurora",
        "Bataan",
        "Bulacan",
        "Nueva Ecija",
        "Pampanga",
        "Tarlac",
        "Zambales"
      ],
      "cities": [
        "Balanga",
        "Malolos",
        "Cabanatuan",
        "San Fernando",
        "Tarlac City",
        "Iba",
        "Baler",
        "San Jose del Monte",
        "Gapan",
        "Meycauayan",
        "Marilao",
        "Angeles",
        "Olongapo",
        "Palayan",
        "Mabalacat",
        "Abucay",
        "Bagac",
        "Dinalupihan",
        "Hermosa",
        "Limay",
        "Mariveles",
        "Morong",
        "Orani",
        "Orion",
        "Pilar",
        "Samal",
        "Casiguran",
        "Dilasag",
        "Dinalungan",
        "Dingalan",
        "Dipaculao",
        "Maria Aurora",
        "San Luis",
        "Angat",
        "Balagtas",
        "Baliuag",
        "Bocaue",
        "Bulakan",
        "Bustos",
        "Calumpit",
        "Guiguinto",
        "Hagonoy",
        "Norzagaray",
        "Obando",
        "Pandi",
        "Paombong",
        "Plaridel",
        "Pulilan",
        "San Ildefonso",
        "San Miguel",
        "San Rafael",
        "Santa Maria",
        "Aliaga",
        "Bongabon",
        "Cabiao",
        "Carranglan",
        "Cuyapo",
        "Gabaldon",
        "General Mamerto Natividad",
        "General Tinio",
        "Guimba",
        "Jaen",
        "Laur",
        "Licab",
        "Llanera",
        "Lupao",
        "Nampicuan",
        "Pantabangan",
        "Peñaranda",
        "Quezon",
        "Rizal",
        "San Antonio",
        "San Isidro",
        "San Jose",
        "San Leonardo",
        "Santa Rosa",
        "Santo Domingo",
        "Talavera",
        "Talugtug",
        "Zaragoza",
        "Apalit",
        "Arayat",
        "Bacolor",
        "Candaba",
        "Floridablanca",
        "Guagua",
        "Lubao",
        "Macabebe",
        "Magalang",
        "Masantol",
        "Mexico",
        "Minalin",
        "Porac",
        "Sasmuan",
        "Santa Ana",
        "Santa Rita",
        "Santo Tomas",
        "Anao",
        "Bamban",
        "Camiling",
        "Capas",
        "Concepcion",
        "Gerona",
        "La Paz",
        "Mayantoc",
        "Moncada",
        "Paniqui",
        "Pura",
        "Ramos",
        "San Clemente",
        "San Jose",
        "San Manuel",
        "Santa Ignacia",
        "Victoria",
        "Botolan",
        "Cabangan",
        "Candelaria",
        "Castillejos",
        "Masinloc",
        "Palauig",
        "San Antonio",
        "San Felipe",
        "San Marcelino",
        "San Narciso",
        "Santa Cruz",
        "Subic"
      ],
      "cityProvinceMap": {
        "Baler": "Aurora",
        "Casiguran": "Aurora",
        "Dilasag": "Aurora",
        "Dinalungan": "Aurora",
        "Dingalan": "Aurora",
        "Dipaculao": "Aurora",
        "Maria Aurora": "Aurora",
        "San Luis": "Aurora",
        "Balanga": "Bataan",
        "Abucay": "Bataan",
        "Bagac": "Bataan",
        "Dinalupihan": "Bataan",
        "Hermosa": "Bataan",
        "Limay": "Bataan",
        "Mariveles": "Bataan",
        "Morong": "Bataan",
        "Orani": "Bataan",
        "Orion": "Bataan",
        "Pilar": "Bataan",
        "Samal": "Bataan",
        "Malolos": "Bulacan",
        "San Jose del Monte": "Bulacan",
        "Meycauayan": "Bulacan",
        "Marilao": "Bulacan",
        "Angat": "Bulacan",
        "Balagtas": "Bulacan",
        "Baliuag": "Bulacan",
        "Bocaue": "Bulacan",
        "Bulakan": "Bulacan",
        "Bustos": "Bulacan",
        "Calumpit": "Bulacan",
        "Guiguinto": "Bulacan",
        "Hagonoy": "Bulacan",
        "Norzagaray": "Bulacan",
        "Obando": "Bulacan",
        "Pandi": "Bulacan",
        "Paombong": "Bulacan",
        "Plaridel": "Bulacan",
        "Pulilan": "Bulacan",
        "San Ildefonso": "Bulacan",
        "San Miguel": "Bulacan",
        "San Rafael": "Bulacan",
        "Santa Maria": "Bulacan",
        "Cabanatuan": "Nueva Ecija",
        "Gapan": "Nueva Ecija",
        "Palayan": "Nueva Ecija",
        "Aliaga": "Nueva Ecija",
        "Bongabon": "Nueva Ecija",
        "Cabiao": "Nueva Ecija",
        "Carranglan": "Nueva Ecija",
        "Cuyapo": "Nueva Ecija",
        "Gabaldon": "Nueva Ecija",
        "General Mamerto Natividad": "Nueva Ecija",
        "General Tinio": "Nueva Ecija",
        "Guimba": "Nueva Ecija",
        "Jaen": "Nueva Ecija",
        "Laur": "Nueva Ecija",
        "Licab": "Nueva Ecija",
        "Llanera": "Nueva Ecija",
        "Lupao": "Nueva Ecija",
        "Nampicuan": "Nueva Ecija",
        "Pantabangan": "Nueva Ecija",
        "Peñaranda": "Nueva Ecija",
        "Quezon": "Nueva Ecija",
        "Rizal": "Nueva Ecija",
        "San Antonio": "Nueva Ecija",
        "San Isidro": "Nueva Ecija",
        "San Jose": "Nueva Ecija",
        "San Leonardo": "Nueva Ecija",
        "Santa Rosa": "Nueva Ecija",
        "Santo Domingo": "Nueva Ecija",
        "Talavera": "Nueva Ecija",
        "Talugtug": "Nueva Ecija",
        "Zaragoza": "Nueva Ecija",
        "San Fernando": "Pampanga",
        "Angeles": "Pampanga",
        "Mabalacat": "Pampanga",
        "Apalit": "Pampanga",
        "Arayat": "Pampanga",
        "Bacolor": "Pampanga",
        "Candaba": "Pampanga",
        "Floridablanca": "Pampanga",
        "Guagua": "Pampanga",
        "Lubao": "Pampanga",
        "Macabebe": "Pampanga",
        "Magalang": "Pampanga",
        "Masantol": "Pampanga",
        "Mexico": "Pampanga",
        "Minalin": "Pampanga",
        "Porac": "Pampanga",
        "Sasmuan": "Pampanga",
        "Santa Ana": "Pampanga",
        "Santa Rita": "Pampanga",
        "Santo Tomas": "Pampanga",
        "Tarlac City": "Tarlac",
        "Anao": "Tarlac",
        "Bamban": "Tarlac",
        "Camiling": "Tarlac",
        "Capas": "Tarlac",
        "Concepcion": "Tarlac",
        "Gerona": "Tarlac",
        "La Paz": "Tarlac",
        "Mayantoc": "Tarlac",
        "Moncada": "Tarlac",
        "Paniqui": "Tarlac",
        "Pura": "Tarlac",
        "Ramos": "Tarlac",
        "San Clemente": "Tarlac",
        "San Jose": "Tarlac",
        "San Manuel": "Tarlac",
        "Santa Ignacia": "Tarlac",
        "Victoria": "Tarlac",
        "Iba": "Zambales",
        "Olongapo": "Zambales",
        "Botolan": "Zambales",
        "Cabangan": "Zambales",
        "Candelaria": "Zambales",
        "Castillejos": "Zambales",
        "Masinloc": "Zambales",
        "Palauig": "Zambales",
        "San Antonio": "Zambales",
        "San Felipe": "Zambales",
        "San Marcelino": "Zambales",
        "San Narciso": "Zambales",
        "Santa Cruz": "Zambales",
        "Subic": "Zambales"
      }
    },
    "Region IV-A - CALABARZON": {
      "provinces": ["Batangas", "Cavite", "Laguna", "Quezon", "Rizal"],
      "cities": [
        "Batangas City",
        "Trece Martires",
        "Santa Cruz",
        "Lucena",
        "Antipolo",
        "Lipa",
        "Tanauan",
        "Imus",
        "Dasmariñas",
        "Bacoor",
        "Cavite City",
        "Tagaytay",
        "Calamba",
        "San Pablo",
        "Biñan",
        "Santa Rosa",
        "Cabuyao",
        "San Pedro",
        "Tayabas",
        "Lucban",
        "Cainta",
        "Taytay",
        "Angono",
        "Binangonan",
        "San Mateo",
        "Rodriguez",
        "Agoncillo",
        "Alitagtag",
        "Balayan",
        "Balete",
        "Bauan",
        "Calaca",
        "Calatagan",
        "Cuenca",
        "Ibaan",
        "Laurel",
        "Lemery",
        "Lian",
        "Lobo",
        "Mabini",
        "Malvar",
        "Mataas na Kahoy",
        "Nasugbu",
        "Padre Garcia",
        "Rosario",
        "San Jose",
        "San Juan",
        "San Luis",
        "San Nicolas",
        "San Pascual",
        "Santa Teresita",
        "Santo Tomas",
        "Taal",
        "Talisay",
        "Taysan",
        "Tingloy",
        "Tuy",
        "Alfonso",
        "Amadeo",
        "Carmona",
        "General Emilio Aguinaldo",
        "General Mariano Alvarez",
        "General Trias",
        "Indang",
        "Kawit",
        "Magallanes",
        "Maragondon",
        "Mendez",
        "Naic",
        "Noveleta",
        "Rosario",
        "Silang",
        "Tanza",
        "Ternate",
        "Alaminos",
        "Bay",
        "Calauan",
        "Cavinti",
        "Famy",
        "Kalayaan",
        "Liliw",
        "Los Baños",
        "Luisiana",
        "Lumban",
        "Mabitac",
        "Magdalena",
        "Majayjay",
        "Nagcarlan",
        "Paete",
        "Pagsanjan",
        "Pakil",
        "Pangil",
        "Pila",
        "Rizal",
        "Siniloan",
        "Victoria",
        "Agdangan",
        "Alabat",
        "Atimonan",
        "Buenavista",
        "Burdeos",
        "Calauag",
        "Candelaria",
        "Catanauan",
        "Dolores",
        "General Luna",
        "General Nakar",
        "Guinayangan",
        "Gumaca",
        "Infanta",
        "Jomalig",
        "Lopez",
        "Macalelon",
        "Mauban",
        "Mulanay",
        "Padre Burgos",
        "Pagbilao",
        "Panukulan",
        "Patnanungan",
        "Perez",
        "Pitogo",
        "Plaridel",
        "Polillo",
        "Quezon",
        "Real",
        "Sampaloc",
        "San Andres",
        "San Antonio",
        "San Francisco",
        "San Narciso",
        "Sariaya",
        "Tagkawayan",
        "Tiaong",
        "Unisan",
        "Baras",
        "Cardona",
        "Jalajala",
        "Morong",
        "Pililla",
        "Tanay",
        "Teresa"
      ],
      "cityProvinceMap": {
        "Batangas City": "Batangas",
        "Lipa": "Batangas",
        "Tanauan": "Batangas",
        "Agoncillo": "Batangas",
        "Alitagtag": "Batangas",
        "Balayan": "Batangas",
        "Balete": "Batangas",
        "Bauan": "Batangas",
        "Calaca": "Batangas",
        "Calatagan": "Batangas",
        "Cuenca": "Batangas",
        "Ibaan": "Batangas",
        "Laurel": "Batangas",
        "Lemery": "Batangas",
        "Lian": "Batangas",
        "Lobo": "Batangas",
        "Mabini": "Batangas",
        "Malvar": "Batangas",
        "Mataas na Kahoy": "Batangas",
        "Nasugbu": "Batangas",
        "Padre Garcia": "Batangas",
        "Rosario": "Batangas",
        "San Jose": "Batangas",
        "San Juan": "Batangas",
        "San Luis": "Batangas",
        "San Nicolas": "Batangas",
        "San Pascual": "Batangas",
        "Santa Teresita": "Batangas",
        "Santo Tomas": "Batangas",
        "Taal": "Batangas",
        "Talisay": "Batangas",
        "Taysan": "Batangas",
        "Tingloy": "Batangas",
        "Tuy": "Batangas",
        "Trece Martires": "Cavite",
        "Imus": "Cavite",
        "Dasmariñas": "Cavite",
        "Bacoor": "Cavite",
        "Cavite City": "Cavite",
        "Tagaytay": "Cavite",
        "Alfonso": "Cavite",
        "Amadeo": "Cavite",
        "Carmona": "Cavite",
        "General Emilio Aguinaldo": "Cavite",
        "General Mariano Alvarez": "Cavite",
        "General Trias": "Cavite",
        "Indang": "Cavite",
        "Kawit": "Cavite",
        "Magallanes": "Cavite",
        "Maragondon": "Cavite",
        "Mendez": "Cavite",
        "Naic": "Cavite",
        "Noveleta": "Cavite",
        "Rosario": "Cavite",
        "Silang": "Cavite",
        "Tanza": "Cavite",
        "Ternate": "Cavite",
        "Santa Cruz": "Laguna",
        "Calamba": "Laguna",
        "San Pablo": "Laguna",
        "Biñan": "Laguna",
        "Santa Rosa": "Laguna",
        "Cabuyao": "Laguna",
        "San Pedro": "Laguna",
        "Alaminos": "Laguna",
        "Bay": "Laguna",
        "Calauan": "Laguna",
        "Cavinti": "Laguna",
        "Famy": "Laguna",
        "Kalayaan": "Laguna",
        "Liliw": "Laguna",
        "Los Baños": "Laguna",
        "Luisiana": "Laguna",
        "Lumban": "Laguna",
        "Mabitac": "Laguna",
        "Magdalena": "Laguna",
        "Majayjay": "Laguna",
        "Nagcarlan": "Laguna",
        "Paete": "Laguna",
        "Pagsanjan": "Laguna",
        "Pakil": "Laguna",
        "Pangil": "Laguna",
        "Pila": "Laguna",
        "Rizal": "Laguna",
        "Siniloan": "Laguna",
        "Victoria": "Laguna",
        "Lucena": "Quezon",
        "Tayabas": "Quezon",
        "Lucban": "Quezon",
        "Agdangan": "Quezon",
        "Alabat": "Quezon",
        "Atimonan": "Quezon",
        "Buenavista": "Quezon",
        "Burdeos": "Quezon",
        "Calauag": "Quezon",
        "Candelaria": "Quezon",
        "Catanauan": "Quezon",
        "Dolores": "Quezon",
        "General Luna": "Quezon",
        "General Nakar": "Quezon",
        "Guinayangan": "Quezon",
        "Gumaca": "Quezon",
        "Infanta": "Quezon",
        "Jomalig": "Quezon",
        "Lopez": "Quezon",
        "Macalelon": "Quezon",
        "Mauban": "Quezon",
        "Mulanay": "Quezon",
        "Padre Burgos": "Quezon",
        "Pagbilao": "Quezon",
        "Panukulan": "Quezon",
        "Patnanungan": "Quezon",
        "Perez": "Quezon",
        "Pitogo": "Quezon",
        "Plaridel": "Quezon",
        "Polillo": "Quezon",
        "Quezon": "Quezon",
        "Real": "Quezon",
        "Sampaloc": "Quezon",
        "San Andres": "Quezon",
        "San Antonio": "Quezon",
        "San Francisco": "Quezon",
        "San Narciso": "Quezon",
        "Sariaya": "Quezon",
        "Tagkawayan": "Quezon",
        "Tiaong": "Quezon",
        "Unisan": "Quezon",
        "Antipolo": "Rizal",
        "Cainta": "Rizal",
        "Taytay": "Rizal",
        "Angono": "Rizal",
        "Binangonan": "Rizal",
        "San Mateo": "Rizal",
        "Rodriguez": "Rizal",
        "Baras": "Rizal",
        "Cardona": "Rizal",
        "Jalajala": "Rizal",
        "Morong": "Rizal",
        "Pililla": "Rizal",
        "Tanay": "Rizal",
        "Teresa": "Rizal"
      }
    },
    "MIMAROPA Region": {
      "provinces": [
        "Marinduque",
        "Occidental Mindoro",
        "Oriental Mindoro",
        "Palawan",
        "Romblon"
      ],
      "cities": [
        "Puerto Princesa",
        "Boac",
        "Mamburao",
        "Calapan",
        "Odiongan",
        "Buenavista",
        "Gasan",
        "Mogpog",
        "Santa Cruz",
        "Torrijos",
        "Abra de Ilog",
        "Calintaan",
        "Looc",
        "Lubang",
        "Magsaysay",
        "Paluan",
        "Rizal",
        "Sablayan",
        "San Jose",
        "Santa Cruz",
        "Baco",
        "Bansud",
        "Bongabong",
        "Bulalacao",
        "Gloria",
        "Mansalay",
        "Naujan",
        "Pinamalayan",
        "Pola",
        "Puerto Galera",
        "Roxas",
        "San Teodoro",
        "Socorro",
        "Victoria",
        "Aborlan",
        "Agutaya",
        "Araceli",
        "Balabac",
        "Bataraza",
        "Brooke's Point",
        "Busuanga",
        "Cagayancillo",
        "Coron",
        "Culion",
        "Cuyo",
        "Dumaran",
        "El Nido",
        "Kalayaan",
        "Linapacan",
        "Magsaysay",
        "Narra",
        "Quezon",
        "Rizal",
        "Roxas",
        "San Vicente",
        "Sofronio Española",
        "Taytay",
        "Alcantara",
        "Banton",
        "Cajidiocan",
        "Calatrava",
        "Concepcion",
        "Corcuera",
        "Ferrol",
        "Looc",
        "Magdiwang",
        "Romblon",
        "San Agustin",
        "San Andres",
        "San Fernando",
        "San Jose",
        "Santa Fe",
        "Santa Maria"
      ],
      "cityProvinceMap": {
        "Boac": "Marinduque",
        "Buenavista": "Marinduque",
        "Gasan": "Marinduque",
        "Mogpog": "Marinduque",
        "Santa Cruz": "Marinduque",
        "Torrijos": "Marinduque",
        "Mamburao": "Occidental Mindoro",
        "Abra de Ilog": "Occidental Mindoro",
        "Calintaan": "Occidental Mindoro",
        "Looc": "Occidental Mindoro",
        "Lubang": "Occidental Mindoro",
        "Magsaysay": "Occidental Mindoro",
        "Paluan": "Occidental Mindoro",
        "Rizal": "Occidental Mindoro",
        "Sablayan": "Occidental Mindoro",
        "San Jose": "Occidental Mindoro",
        "Santa Cruz": "Occidental Mindoro",
        "Calapan": "Oriental Mindoro",
        "Baco": "Oriental Mindoro",
        "Bansud": "Oriental Mindoro",
        "Bongabong": "Oriental Mindoro",
        "Bulalacao": "Oriental Mindoro",
        "Gloria": "Oriental Mindoro",
        "Mansalay": "Oriental Mindoro",
        "Naujan": "Oriental Mindoro",
        "Pinamalayan": "Oriental Mindoro",
        "Pola": "Oriental Mindoro",
        "Puerto Galera": "Oriental Mindoro",
        "Roxas": "Oriental Mindoro",
        "San Teodoro": "Oriental Mindoro",
        "Socorro": "Oriental Mindoro",
        "Victoria": "Oriental Mindoro",
        "Puerto Princesa": "Palawan",
        "Aborlan": "Palawan",
        "Agutaya": "Palawan",
        "Araceli": "Palawan",
        "Balabac": "Palawan",
        "Bataraza": "Palawan",
        "Brooke's Point": "Palawan",
        "Busuanga": "Palawan",
        "Cagayancillo": "Palawan",
        "Coron": "Palawan",
        "Culion": "Palawan",
        "Cuyo": "Palawan",
        "Dumaran": "Palawan",
        "El Nido": "Palawan",
        "Kalayaan": "Palawan",
        "Linapacan": "Palawan",
        "Magsaysay": "Palawan",
        "Narra": "Palawan",
        "Quezon": "Palawan",
        "Rizal": "Palawan",
        "Roxas": "Palawan",
        "San Vicente": "Palawan",
        "Sofronio Española": "Palawan",
        "Taytay": "Palawan",
        "Odiongan": "Romblon",
        "Alcantara": "Romblon",
        "Banton": "Romblon",
        "Cajidiocan": "Romblon",
        "Calatrava": "Romblon",
        "Concepcion": "Romblon",
        "Corcuera": "Romblon",
        "Ferrol": "Romblon",
        "Looc": "Romblon",
        "Magdiwang": "Romblon",
        "Romblon": "Romblon",
        "San Agustin": "Romblon",
        "San Andres": "Romblon",
        "San Fernando": "Romblon",
        "San Jose": "Romblon",
        "Santa Fe": "Romblon",
        "Santa Maria": "Romblon"
      }
    },
    "Region V - Bicol Region": {
      "provinces": [
        "Albay",
        "Camarines Norte",
        "Camarines Sur",
        "Catanduanes",
        "Masbate",
        "Sorsogon"
      ],
      "cities": [
        "Legazpi",
        "Daet",
        "Pili",
        "Virac",
        "Masbate City",
        "Sorsogon City",
        "Ligao",
        "Tabaco",
        "Iriga",
        "Naga",
        "Bacacay",
        "Camalig",
        "Daraga",
        "Guinobatan",
        "Jovellar",
        "Libon",
        "Malilipot",
        "Malinao",
        "Manito",
        "Oas",
        "Pio Duran",
        "Polangui",
        "Rapu-Rapu",
        "Santo Domingo",
        "Tiwi",
        "Basud",
        "Capalonga",
        "Jose Panganiban",
        "Labo",
        "Mercedes",
        "Paracale",
        "San Lorenzo Ruiz",
        "San Vicente",
        "Santa Elena",
        "Talisay",
        "Vinzons",
        "Baao",
        "Balatan",
        "Bato",
        "Bombon",
        "Buhi",
        "Bula",
        "Cabusao",
        "Calabanga",
        "Camaligan",
        "Canaman",
        "Caramoan",
        "Del Gallego",
        "Gainza",
        "Garchitorena",
        "Goa",
        "Lagonoy",
        "Libmanan",
        "Lupi",
        "Magarao",
        "Milaor",
        "Minalabac",
        "Nabua",
        "Ocampo",
        "Pamplona",
        "Pasacao",
        "Presentacion",
        "Ragay",
        "Sagñay",
        "San Fernando",
        "San Jose",
        "Sipocot",
        "Siruma",
        "Tigaon",
        "Tinambac",
        "Bagamanoc",
        "Baras",
        "Bato",
        "Caramoran",
        "Gigmoto",
        "Pandan",
        "Panganiban",
        "San Andres",
        "San Miguel",
        "Viga",
        "Aroroy",
        "Baleno",
        "Balud",
        "Batuan",
        "Cataingan",
        "Cawayan",
        "Claveria",
        "Dimasalang",
        "Esperanza",
        "Mandaon",
        "Milagros",
        "Mobo",
        "Monreal",
        "Palanas",
        "Pio V. Corpuz",
        "Placer",
        "San Fernando",
        "San Jacinto",
        "San Pascual",
        "Uson",
        "Barcelona",
        "Bulan",
        "Bulusan",
        "Casiguran",
        "Castilla",
        "Donsol",
        "Gubat",
        "Irosin",
        "Juban",
        "Magallanes",
        "Matnog",
        "Pilar",
        "Prieto Diaz",
        "Santa Magdalena"
      ],
      "cityProvinceMap": {
        "Legazpi": "Albay",
        "Ligao": "Albay",
        "Tabaco": "Albay",
        "Bacacay": "Albay",
        "Camalig": "Albay",
        "Daraga": "Albay",
        "Guinobatan": "Albay",
        "Jovellar": "Albay",
        "Libon": "Albay",
        "Malilipot": "Albay",
        "Malinao": "Albay",
        "Manito": "Albay",
        "Oas": "Albay",
        "Pio Duran": "Albay",
        "Polangui": "Albay",
        "Rapu-Rapu": "Albay",
        "Santo Domingo": "Albay",
        "Tiwi": "Albay",
        "Daet": "Camarines Norte",
        "Basud": "Camarines Norte",
        "Capalonga": "Camarines Norte",
        "Jose Panganiban": "Camarines Norte",
        "Labo": "Camarines Norte",
        "Mercedes": "Camarines Norte",
        "Paracale": "Camarines Norte",
        "San Lorenzo Ruiz": "Camarines Norte",
        "San Vicente": "Camarines Norte",
        "Santa Elena": "Camarines Norte",
        "Talisay": "Camarines Norte",
        "Vinzons": "Camarines Norte",
        "Pili": "Camarines Sur",
        "Iriga": "Camarines Sur",
        "Naga": "Camarines Sur",
        "Baao": "Camarines Sur",
        "Balatan": "Camarines Sur",
        "Bato": "Camarines Sur",
        "Bombon": "Camarines Sur",
        "Buhi": "Camarines Sur",
        "Bula": "Camarines Sur",
        "Cabusao": "Camarines Sur",
        "Calabanga": "Camarines Sur",
        "Camaligan": "Camarines Sur",
        "Canaman": "Camarines Sur",
        "Caramoan": "Camarines Sur",
        "Del Gallego": "Camarines Sur",
        "Gainza": "Camarines Sur",
        "Garchitorena": "Camarines Sur",
        "Goa": "Camarines Sur",
        "Lagonoy": "Camarines Sur",
        "Libmanan": "Camarines Sur",
        "Lupi": "Camarines Sur",
        "Magarao": "Camarines Sur",
        "Milaor": "Camarines Sur",
        "Minalabac": "Camarines Sur",
        "Nabua": "Camarines Sur",
        "Ocampo": "Camarines Sur",
        "Pamplona": "Camarines Sur",
        "Pasacao": "Camarines Sur",
        "Presentacion": "Camarines Sur",
        "Ragay": "Camarines Sur",
        "Sagñay": "Camarines Sur",
        "San Fernando": "Camarines Sur",
        "San Jose": "Camarines Sur",
        "Sipocot": "Camarines Sur",
        "Siruma": "Camarines Sur",
        "Tigaon": "Camarines Sur",
        "Tinambac": "Camarines Sur",
        "Virac": "Catanduanes",
        "Bagamanoc": "Catanduanes",
        "Baras": "Catanduanes",
        "Bato": "Catanduanes",
        "Caramoran": "Catanduanes",
        "Gigmoto": "Catanduanes",
        "Pandan": "Catanduanes",
        "Panganiban": "Catanduanes",
        "San Andres": "Catanduanes",
        "San Miguel": "Catanduanes",
        "Viga": "Catanduanes",
        "Masbate City": "Masbate",
        "Aroroy": "Masbate",
        "Baleno": "Masbate",
        "Balud": "Masbate",
        "Batuan": "Masbate",
        "Cataingan": "Masbate",
        "Cawayan": "Masbate",
        "Claveria": "Masbate",
        "Dimasalang": "Masbate",
        "Esperanza": "Masbate",
        "Mandaon": "Masbate",
        "Milagros": "Masbate",
        "Mobo": "Masbate",
        "Monreal": "Masbate",
        "Palanas": "Masbate",
        "Pio V. Corpuz": "Masbate",
        "Placer": "Masbate",
        "San Fernando": "Masbate",
        "San Jacinto": "Masbate",
        "San Pascual": "Masbate",
        "Uson": "Masbate",
        "Sorsogon City": "Sorsogon",
        "Barcelona": "Sorsogon",
        "Bulan": "Sorsogon",
        "Bulusan": "Sorsogon",
        "Casiguran": "Sorsogon",
        "Castilla": "Sorsogon",
        "Donsol": "Sorsogon",
        "Gubat": "Sorsogon",
        "Irosin": "Sorsogon",
        "Juban": "Sorsogon",
        "Magallanes": "Sorsogon",
        "Matnog": "Sorsogon",
        "Pilar": "Sorsogon",
        "Prieto Diaz": "Sorsogon",
        "Santa Magdalena": "Sorsogon"
      }
    },
    "Region VI - Western Visayas": {
      "provinces": [
        "Aklan",
        "Antique",
        "Capiz",
        "Guimaras",
        "Iloilo",
        "Negros Occidental"
      ],
      "cities": [
        "Kalibo",
        "San Jose de Buan",
        "Roxas",
        "Jordan",
        "Iloilo City",
        "Bacolod",
        "Bago",
        "Cadiz",
        "Escalante",
        "Himamaylan",
        "Kabankalan",
        "La Carlota",
        "Sagay",
        "San Carlos",
        "Silay",
        "Sipalay",
        "Talisay",
        "Victorias",
        "Altavas",
        "Balete",
        "Banga",
        "Batan",
        "Buruanga",
        "Ibajay",
        "Lezo",
        "Libacao",
        "Madalag",
        "Makato",
        "Malay",
        "Malinao",
        "Nabas",
        "New Washington",
        "Numancia",
        "Tangalan",
        "Anini-y",
        "Barbaza",
        "Belison",
        "Bugasong",
        "Caluya",
        "Culasi",
        "Hamtic",
        "Laua-an",
        "Libertad",
        "Pandan",
        "Patnongon",
        "San Remigio",
        "Sebaste",
        "Sibalom",
        "Tibiao",
        "Tobias Fornier",
        "Valderrama",
        "Cuartero",
        "Dao",
        "Dumalag",
        "Dumarao",
        "Ivisan",
        "Jamindan",
        "Ma-ayon",
        "Mambusao",
        "Panay",
        "Panitan",
        "Pilar",
        "Pontevedra",
        "President Roxas",
        "Sapi-an",
        "Sigma",
        "Tapaz",
        "Buenavista",
        "Nueva Valencia",
        "San Lorenzo",
        "Sibunag",
        "Ajuy",
        "Alimodian",
        "Anilao",
        "Badiangan",
        "Balasan",
        "Banate",
        "Barotac Nuevo",
        "Barotac Viejo",
        "Batad",
        "Bingawan",
        "Cabatuan",
        "Calinog",
        "Carles",
        "Concepcion",
        "Dingle",
        "Dueñas",
        "Dumangas",
        "Estancia",
        "Guimbal",
        "Igbaras",
        "Janiuay",
        "Lambunao",
        "Leganes",
        "Lemery",
        "Leon",
        "Maasin",
        "Miagao",
        "Mina",
        "New Lucena",
        "Oton",
        "Passi",
        "Pavia",
        "Pototan",
        "San Dionisio",
        "San Enrique",
        "San Joaquin",
        "San Miguel",
        "San Rafael",
        "Santa Barbara",
        "Sara",
        "Tigbauan",
        "Tubungan",
        "Zarraga",
        "Binalbagan",
        "Calatrava",
        "Candoni",
        "Cauayan",
        "Enrique B. Magalona",
        "Hinigaran",
        "Hinoba-an",
        "Ilog",
        "Isabela",
        "La Castellana",
        "Manapla",
        "Moises Padilla",
        "Murcia",
        "Pontevedra",
        "Pulupandan",
        "Salvador Benedicto",
        "San Enrique",
        "Toboso",
        "Valladolid"
      ],
      "cityProvinceMap": {
        "Kalibo": "Aklan",
        "Altavas": "Aklan",
        "Balete": "Aklan",
        "Banga": "Aklan",
        "Batan": "Aklan",
        "Buruanga": "Aklan",
        "Ibajay": "Aklan",
        "Lezo": "Aklan",
        "Libacao": "Aklan",
        "Madalag": "Aklan",
        "Makato": "Aklan",
        "Malay": "Aklan",
        "Malinao": "Aklan",
        "Nabas": "Aklan",
        "New Washington": "Aklan",
        "Numancia": "Aklan",
        "Tangalan": "Aklan",
        "San Jose de Buan": "Antique",
        "Anini-y": "Antique",
        "Barbaza": "Antique",
        "Belison": "Antique",
        "Bugasong": "Antique",
        "Caluya": "Antique",
        "Culasi": "Antique",
        "Hamtic": "Antique",
        "Laua-an": "Antique",
        "Libertad": "Antique",
        "Pandan": "Antique",
        "Patnongon": "Antique",
        "San Remigio": "Antique",
        "Sebaste": "Antique",
        "Sibalom": "Antique",
        "Tibiao": "Antique",
        "Tobias Fornier": "Antique",
        "Valderrama": "Antique",
        "Roxas": "Capiz",
        "Cuartero": "Capiz",
        "Dao": "Capiz",
        "Dumalag": "Capiz",
        "Dumarao": "Capiz",
        "Ivisan": "Capiz",
        "Jamindan": "Capiz",
        "Ma-ayon": "Capiz",
        "Mambusao": "Capiz",
        "Panay": "Capiz",
        "Panitan": "Capiz",
        "Pilar": "Capiz",
        "Pontevedra": "Capiz",
        "President Roxas": "Capiz",
        "Sapi-an": "Capiz",
        "Sigma": "Capiz",
        "Tapaz": "Capiz",
        "Jordan": "Guimaras",
        "Buenavista": "Guimaras",
        "Nueva Valencia": "Guimaras",
        "San Lorenzo": "Guimaras",
        "Sibunag": "Guimaras",
        "Iloilo City": "Iloilo",
        "Ajuy": "Iloilo",
        "Alimodian": "Iloilo",
        "Anilao": "Iloilo",
        "Badiangan": "Iloilo",
        "Balasan": "Iloilo",
        "Banate": "Iloilo",
        "Barotac Nuevo": "Iloilo",
        "Barotac Viejo": "Iloilo",
        "Batad": "Iloilo",
        "Bingawan": "Iloilo",
        "Cabatuan": "Iloilo",
        "Calinog": "Iloilo",
        "Carles": "Iloilo",
        "Concepcion": "Iloilo",
        "Dingle": "Iloilo",
        "Dueñas": "Iloilo",
        "Dumangas": "Iloilo",
        "Estancia": "Iloilo",
        "Guimbal": "Iloilo",
        "Igbaras": "Iloilo",
        "Janiuay": "Iloilo",
        "Lambunao": "Iloilo",
        "Leganes": "Iloilo",
        "Lemery": "Iloilo",
        "Leon": "Iloilo",
        "Maasin": "Iloilo",
        "Miagao": "Iloilo",
        "Mina": "Iloilo",
        "New Lucena": "Iloilo",
        "Oton": "Iloilo",
        "Passi": "Iloilo",
        "Pavia": "Iloilo",
        "Pototan": "Iloilo",
        "San Dionisio": "Iloilo",
        "San Enrique": "Iloilo",
        "San Joaquin": "Iloilo",
        "San Miguel": "Iloilo",
        "San Rafael": "Iloilo",
        "Santa Barbara": "Iloilo",
        "Sara": "Iloilo",
        "Tigbauan": "Iloilo",
        "Tubungan": "Iloilo",
        "Zarraga": "Iloilo",
        "Bacolod": "Negros Occidental",
        "Bago": "Negros Occidental",
        "Cadiz": "Negros Occidental",
        "Escalante": "Negros Occidental",
        "Himamaylan": "Negros Occidental",
        "Kabankalan": "Negros Occidental",
        "La Carlota": "Negros Occidental",
        "Sagay": "Negros Occidental",
        "San Carlos": "Negros Occidental",
        "Silay": "Negros Occidental",
        "Sipalay": "Negros Occidental",
        "Talisay": "Negros Occidental",
        "Victorias": "Negros Occidental",
        "Binalbagan": "Negros Occidental",
        "Calatrava": "Negros Occidental",
        "Candoni": "Negros Occidental",
        "Cauayan": "Negros Occidental",
        "Enrique B. Magalona": "Negros Occidental",
        "Hinigaran": "Negros Occidental",
        "Hinoba-an": "Negros Occidental",
        "Ilog": "Negros Occidental",
        "Isabela": "Negros Occidental",
        "La Castellana": "Negros Occidental",
        "Manapla": "Negros Occidental",
        "Moises Padilla": "Negros Occidental",
        "Murcia": "Negros Occidental",
        "Pontevedra": "Negros Occidental",
        "Pulupandan": "Negros Occidental",
        "Salvador Benedicto": "Negros Occidental",
        "San Enrique": "Negros Occidental",
        "Toboso": "Negros Occidental",
        "Valladolid": "Negros Occidental"
      }
    },
    "Region VII - Central Visayas": {
      "provinces": ["Bohol", "Cebu", "Negros Oriental", "Siquijor"],
      "cities": [
        "Tagbilaran",
        "Cebu City",
        "Dumaguete",
        "Siquijor",
        "Lapu-Lapu",
        "Mandaue",
        "Danao",
        "Toledo",
        "Talisay",
        "Carcar",
        "Bogo",
        "Naga",
        "Bayawan",
        "Bais",
        "Canlaon",
        "Guihulngan",
        "Tanjay",
        "Alburquerque",
        "Alicia",
        "Anda",
        "Antequera",
        "Baclayon",
        "Balilihan",
        "Batuan",
        "Bien Unido",
        "Bilar",
        "Buenavista",
        "Calape",
        "Candijay",
        "Carmen",
        "Catigbian",
        "Clarin",
        "Corella",
        "Cortes",
        "Dagohoy",
        "Danao",
        "Dauis",
        "Dimiao",
        "Duero",
        "Garcia Hernandez",
        "Guindulman",
        "Inabanga",
        "Jagna",
        "Jetafe",
        "Lila",
        "Loay",
        "Loboc",
        "Loon",
        "Mabini",
        "Maribojoc",
        "Panglao",
        "Pilar",
        "President Carlos P. Garcia",
        "Sagbayan",
        "San Isidro",
        "San Miguel",
        "Sevilla",
        "Sierra Bullones",
        "Sikatuna",
        "Talibon",
        "Trinidad",
        "Tubigon",
        "Ubay",
        "Valencia",
        "Alcantara",
        "Alcoy",
        "Alegria",
        "Aloguinsan",
        "Argao",
        "Asturias",
        "Badian",
        "Balamban",
        "Bantayan",
        "Barili",
        "Boljoon",
        "Borbon",
        "Carmen",
        "Catmon",
        "Compostela",
        "Consolacion",
        "Cordoba",
        "Daanbantayan",
        "Dalaguete",
        "Dumanjug",
        "Ginatilan",
        "Liloan",
        "Madridejos",
        "Malabuyoc",
        "Medellin",
        "Minglanilla",
        "Moalboal",
        "Oslob",
        "Pilar",
        "Pinamungajan",
        "Poro",
        "Ronda",
        "Samboan",
        "San Fernando",
        "San Francisco",
        "San Remigio",
        "Santa Fe",
        "Santander",
        "Sibonga",
        "Sogod",
        "Tabogon",
        "Tabuelan",
        "Tuburan",
        "Tudela",
        "Amlan",
        "Ayungon",
        "Bacong",
        "Basay",
        "Bindoy",
        "Dauin",
        "Jimalalud",
        "La Libertad",
        "Mabinay",
        "Manjuyod",
        "Pamplona",
        "San Jose",
        "Santa Catalina",
        "Siaton",
        "Sibulan",
        "Tayasan",
        "Valencia",
        "Vallehermoso",
        "Zamboanguita",
        "Enrique Villanueva",
        "Larena",
        "Lazi",
        "Maria",
        "San Juan"
      ],
      "cityProvinceMap": {
        "Tagbilaran": "Bohol",
        "Alburquerque": "Bohol",
        "Alicia": "Bohol",
        "Anda": "Bohol",
        "Antequera": "Bohol",
        "Baclayon": "Bohol",
        "Balilihan": "Bohol",
        "Batuan": "Bohol",
        "Bien Unido": "Bohol",
        "Bilar": "Bohol",
        "Buenavista": "Bohol",
        "Calape": "Bohol",
        "Candijay": "Bohol",
        "Carmen": "Bohol",
        "Catigbian": "Bohol",
        "Clarin": "Bohol",
        "Corella": "Bohol",
        "Cortes": "Bohol",
        "Dagohoy": "Bohol",
        "Danao": "Bohol",
        "Dauis": "Bohol",
        "Dimiao": "Bohol",
        "Duero": "Bohol",
        "Garcia Hernandez": "Bohol",
        "Guindulman": "Bohol",
        "Inabanga": "Bohol",
        "Jagna": "Bohol",
        "Jetafe": "Bohol",
        "Lila": "Bohol",
        "Loay": "Bohol",
        "Loboc": "Bohol",
        "Loon": "Bohol",
        "Mabini": "Bohol",
        "Maribojoc": "Bohol",
        "Panglao": "Bohol",
        "Pilar": "Bohol",
        "President Carlos P. Garcia": "Bohol",
        "Sagbayan": "Bohol",
        "San Isidro": "Bohol",
        "San Miguel": "Bohol",
        "Sevilla": "Bohol",
        "Sierra Bullones": "Bohol",
        "Sikatuna": "Bohol",
        "Talibon": "Bohol",
        "Trinidad": "Bohol",
        "Tubigon": "Bohol",
        "Ubay": "Bohol",
        "Valencia": "Bohol",
        "Cebu City": "Cebu",
        "Lapu-Lapu": "Cebu",
        "Mandaue": "Cebu",
        "Danao": "Cebu",
        "Toledo": "Cebu",
        "Talisay": "Cebu",
        "Carcar": "Cebu",
        "Bogo": "Cebu",
        "Naga": "Cebu",
        "Alcantara": "Cebu",
        "Alcoy": "Cebu",
        "Alegria": "Cebu",
        "Aloguinsan": "Cebu",
        "Argao": "Cebu",
        "Asturias": "Cebu",
        "Badian": "Cebu",
        "Balamban": "Cebu",
        "Bantayan": "Cebu",
        "Barili": "Cebu",
        "Boljoon": "Cebu",
        "Borbon": "Cebu",
        "Carmen": "Cebu",
        "Catmon": "Cebu",
        "Compostela": "Cebu",
        "Consolacion": "Cebu",
        "Cordoba": "Cebu",
        "Daanbantayan": "Cebu",
        "Dalaguete": "Cebu",
        "Dumanjug": "Cebu",
        "Ginatilan": "Cebu",
        "Liloan": "Cebu",
        "Madridejos": "Cebu",
        "Malabuyoc": "Cebu",
        "Medellin": "Cebu",
        "Minglanilla": "Cebu",
        "Moalboal": "Cebu",
        "Oslob": "Cebu",
        "Pilar": "Cebu",
        "Pinamungajan": "Cebu",
        "Poro": "Cebu",
        "Ronda": "Cebu",
        "Samboan": "Cebu",
        "San Fernando": "Cebu",
        "San Francisco": "Cebu",
        "San Remigio": "Cebu",
        "Santa Fe": "Cebu",
        "Santander": "Cebu",
        "Sibonga": "Cebu",
        "Sogod": "Cebu",
        "Tabogon": "Cebu",
        "Tabuelan": "Cebu",
        "Tuburan": "Cebu",
        "Tudela": "Cebu",
        "Dumaguete": "Negros Oriental",
        "Bayawan": "Negros Oriental",
        "Bais": "Negros Oriental",
        "Canlaon": "Negros Oriental",
        "Guihulngan": "Negros Oriental",
        "Tanjay": "Negros Oriental",
        "Amlan": "Negros Oriental",
        "Ayungon": "Negros Oriental",
        "Bacong": "Negros Oriental",
        "Basay": "Negros Oriental",
        "Bindoy": "Negros Oriental",
        "Dauin": "Negros Oriental",
        "Jimalalud": "Negros Oriental",
        "La Libertad": "Negros Oriental",
        "Mabinay": "Negros Oriental",
        "Manjuyod": "Negros Oriental",
        "Pamplona": "Negros Oriental",
        "San Jose": "Negros Oriental",
        "Santa Catalina": "Negros Oriental",
        "Siaton": "Negros Oriental",
        "Sibulan": "Negros Oriental",
        "Tayasan": "Negros Oriental",
        "Valencia": "Negros Oriental",
        "Vallehermoso": "Negros Oriental",
        "Zamboanguita": "Negros Oriental",
        "Siquijor": "Siquijor",
        "Enrique Villanueva": "Siquijor",
        "Larena": "Siquijor",
        "Lazi": "Siquijor",
        "Maria": "Siquijor",
        "San Juan": "Siquijor"
      }
    },
    "Region VIII - Eastern Visayas": {
      "provinces": [
        "Biliran",
        "Eastern Samar",
        "Leyte",
        "Northern Samar",
        "Samar",
        "Southern Leyte"
      ],
      "cities": [
        "Tacloban",
        "Ormoc",
        "Catbalogan",
        "Calbayog",
        "Borongan",
        "Naval",
        "Maasin",
        "Abuyog",
        "Alangalang",
        "Albuera",
        "Allen",
        "Almagro",
        "Arteche",
        "Babatngon",
        "Balangiga",
        "Balangkayan",
        "Balaoan",
        "Barugo",
        "Basey",
        "Bilbao",
        "Biri",
        "Bobon",
        "Burauen",
        "Cabucgayan",
        "Calbiga",
        "Can-avid",
        "Capoocan",
        "Carigara",
        "Catarman",
        "Catubig",
        "Culaba",
        "Daram",
        "Dolores",
        "Dulag",
        "Gamay",
        "Gandara",
        "General MacArthur",
        "Giporlos",
        "Guiuan",
        "Hernani",
        "Hilongos",
        "Hinabangan",
        "Hinunangan",
        "Isabel",
        "Jiabong",
        "Jipapad",
        "Kananga",
        "Kawayan",
        "Lavezares",
        "Leyte",
        "Llorente",
        "Lope de Vega",
        "Mapanas",
        "Marabut",
        "Matag-ob",
        "Matalom",
        "Maydolong",
        "Mercedes",
        "Mondragon",
        "Motiong",
        "Oras",
        "Pagsanghan",
        "Palapag",
        "Palo",
        "Palompon",
        "Pambujan",
        "Paranas",
        "Pinabacdao",
        "Quinapondan",
        "Rosario",
        "Saint Bernard",
        "Salcedo",
        "San Antonio",
        "San Isidro",
        "San Jose",
        "San Jose de Buan",
        "San Julian",
        "San Miguel",
        "San Policarpo",
        "San Roque",
        "San Vicente",
        "Santa Fe",
        "Santa Margarita",
        "Santa Rita",
        "Santo Niño",
        "Silvino Lobos",
        "Sogod",
        "Sulangan",
        "Taft",
        "Talalora",
        "Tanauan",
        "Tarangnan",
        "Tomas Oppus",
        "Victoria",
        "Villaba",
        "Villareal",
        "Zumarraga"
      ],
      "cityProvinceMap": {
        "Naval": "Biliran",
        "Almeria": "Biliran",
        "Biliran": "Biliran",
        "Cabucgayan": "Biliran",
        "Caibiran": "Biliran",
        "Culaba": "Biliran",
        "Kawayan": "Biliran",
        "Maripipi": "Biliran",
        "Borongan": "Eastern Samar",
        "Arteche": "Eastern Samar",
        "Balangiga": "Eastern Samar",
        "Balangkayan": "Eastern Samar",
        "Can-avid": "Eastern Samar",
        "Dolores": "Eastern Samar",
        "General MacArthur": "Eastern Samar",
        "Giporlos": "Eastern Samar",
        "Guiuan": "Eastern Samar",
        "Hernani": "Eastern Samar",
        "Jipapad": "Eastern Samar",
        "Llorente": "Eastern Samar",
        "Maydolong": "Eastern Samar",
        "Mercedes": "Eastern Samar",
        "Oras": "Eastern Samar",
        "Quinapondan": "Eastern Samar",
        "Salcedo": "Eastern Samar",
        "San Julian": "Eastern Samar",
        "San Policarpo": "Eastern Samar",
        "Sulangan": "Eastern Samar",
        "Taft": "Eastern Samar",
        "Tacloban": "Leyte",
        "Ormoc": "Leyte",
        "Abuyog": "Leyte",
        "Alangalang": "Leyte",
        "Albuera": "Leyte",
        "Babatngon": "Leyte",
        "Barugo": "Leyte",
        "Burauen": "Leyte",
        "Calubian": "Leyte",
        "Capoocan": "Leyte",
        "Carigara": "Leyte",
        "Dagami": "Leyte",
        "Dulag": "Leyte",
        "Isabel": "Leyte",
        "Jaro": "Leyte",
        "Kananga": "Leyte",
        "La Paz": "Leyte",
        "Leyte": "Leyte",
        "MacArthur": "Leyte",
        "Mahaplag": "Leyte",
        "Matag-ob": "Leyte",
        "Palo": "Leyte",
        "Palompon": "Leyte",
        "San Isidro": "Leyte",
        "San Miguel": "Leyte",
        "Santa Fe": "Leyte",
        "Tabango": "Leyte",
        "Tanauan": "Leyte",
        "Tolosa": "Leyte",
        "Tunga": "Leyte",
        "Villaba": "Leyte",
        "Catarman": "Northern Samar",
        "Allen": "Northern Samar",
        "Biri": "Northern Samar",
        "Bobon": "Northern Samar",
        "Capul": "Northern Samar",
        "Catubig": "Northern Samar",
        "Gamay": "Northern Samar",
        "Lapinig": "Northern Samar",
        "Lavezares": "Northern Samar",
        "Lope de Vega": "Northern Samar",
        "Mapanas": "Northern Samar",
        "Mondragon": "Northern Samar",
        "Palapag": "Northern Samar",
        "Pambujan": "Northern Samar",
        "Rosario": "Northern Samar",
        "San Antonio": "Northern Samar",
        "San Isidro": "Northern Samar",
        "San Jose": "Northern Samar",
        "San Roque": "Northern Samar",
        "San Vicente": "Northern Samar",
        "Silvino Lobos": "Northern Samar",
        "Victoria": "Northern Samar",
        "Catbalogan": "Samar",
        "Calbayog": "Samar",
        "Almagro": "Samar",
        "Basey": "Samar",
        "Calbiga": "Samar",
        "Daram": "Samar",
        "Gandara": "Samar",
        "Hinabangan": "Samar",
        "Jiabong": "Samar",
        "Marabut": "Samar",
        "Motiong": "Samar",
        "Pagsanghan": "Samar",
        "Paranas": "Samar",
        "Pinabacdao": "Samar",
        "San Jose de Buan": "Samar",
        "Santa Margarita": "Samar",
        "Santa Rita": "Samar",
        "Santo Niño": "Samar",
        "Tagapul-an": "Samar",
        "Talalora": "Samar",
        "Tarangnan": "Samar",
        "Villareal": "Samar",
        "Zumarraga": "Samar",
        "Maasin": "Southern Leyte",
        "Anahawan": "Southern Leyte",
        "Bontoc": "Southern Leyte",
        "Hinunangan": "Southern Leyte",
        "Hinundayan": "Southern Leyte",
        "Libagon": "Southern Leyte",
        "Liloan": "Southern Leyte",
        "Limasawa": "Southern Leyte",
        "Macrohon": "Southern Leyte",
        "Malitbog": "Southern Leyte",
        "Padre Burgos": "Southern Leyte",
        "Pintuyan": "Southern Leyte",
        "Saint Bernard": "Southern Leyte",
        "San Francisco": "Southern Leyte",
        "San Juan": "Southern Leyte",
        "San Ricardo": "Southern Leyte",
        "Silago": "Southern Leyte",
        "Sogod": "Southern Leyte",
        "Tomas Oppus": "Southern Leyte"
      }
    },
    "Region IX - Zamboanga Peninsula": {
      "provinces": [
        "Zamboanga del Norte",
        "Zamboanga del Sur",
        "Zamboanga Sibugay"
      ],
      "cities": [
        "Zamboanga City",
        "Dapitan",
        "Dipolog",
        "Pagadian",
        "Isabela",
        "Aurora",
        "Baliguian",
        "Dapitan",
        "Godod",
        "Gutalac",
        "Jose Dalman",
        "Kalawit",
        "Katipunan",
        "La Libertad",
        "Labason",
        "Leon B. Postigo",
        "Liloy",
        "Manukan",
        "Mutia",
        "Piñan",
        "Polanco",
        "President Manuel A. Roxas",
        "Rizal",
        "Salug",
        "Sergio Osmeña Sr.",
        "Siayan",
        "Sibuco",
        "Sibutad",
        "Sindangan",
        "Siocon",
        "Sirawai",
        "Tampilisan",
        "Alicia",
        "Bayog",
        "Buug",
        "Dimataling",
        "Dinas",
        "Dumalinao",
        "Dumingag",
        "Guipos",
        "Josefina",
        "Kumalarang",
        "Labangan",
        "Lapuyan",
        "Mahayag",
        "Margosatubig",
        "Midsalip",
        "Molave",
        "Ramon Magsaysay",
        "San Miguel",
        "San Pablo",
        "Sominot",
        "Tabina",
        "Tambulig",
        "Tigbao",
        "Tukuran",
        "Vincenzo A. Sagun",
        "Imelda",
        "Ipil",
        "Kabasalan",
        "Mabuhay",
        "Malangas",
        "Naga",
        "Olutanga",
        "Payao",
        "Roseller Lim",
        "Siay",
        "Talusan",
        "Titay",
        "Tungawan"
      ],
      "cityProvinceMap": {
        "Dapitan": "Zamboanga del Norte",
        "Dipolog": "Zamboanga del Norte",
        "Aurora": "Zamboanga del Norte",
        "Baliguian": "Zamboanga del Norte",
        "Godod": "Zamboanga del Norte",
        "Gutalac": "Zamboanga del Norte",
        "Jose Dalman": "Zamboanga del Norte",
        "Kalawit": "Zamboanga del Norte",
        "Katipunan": "Zamboanga del Norte",
        "La Libertad": "Zamboanga del Norte",
        "Labason": "Zamboanga del Norte",
        "Leon B. Postigo": "Zamboanga del Norte",
        "Liloy": "Zamboanga del Norte",
        "Manukan": "Zamboanga del Norte",
        "Mutia": "Zamboanga del Norte",
        "Piñan": "Zamboanga del Norte",
        "Polanco": "Zamboanga del Norte",
        "President Manuel A. Roxas": "Zamboanga del Norte",
        "Rizal": "Zamboanga del Norte",
        "Salug": "Zamboanga del Norte",
        "Sergio Osmeña Sr.": "Zamboanga del Norte",
        "Siayan": "Zamboanga del Norte",
        "Sibuco": "Zamboanga del Norte",
        "Sibutad": "Zamboanga del Norte",
        "Sindangan": "Zamboanga del Norte",
        "Siocon": "Zamboanga del Norte",
        "Sirawai": "Zamboanga del Norte",
        "Tampilisan": "Zamboanga del Norte",
        "Pagadian": "Zamboanga del Sur",
        "Alicia": "Zamboanga del Sur",
        "Bayog": "Zamboanga del Sur",
        "Dimataling": "Zamboanga del Sur",
        "Dinas": "Zamboanga del Sur",
        "Dumalinao": "Zamboanga del Sur",
        "Dumingag": "Zamboanga del Sur",
        "Guipos": "Zamboanga del Sur",
        "Josefina": "Zamboanga del Sur",
        "Kumalarang": "Zamboanga del Sur",
        "Labangan": "Zamboanga del Sur",
        "Lapuyan": "Zamboanga del Sur",
        "Mahayag": "Zamboanga del Sur",
        "Margosatubig": "Zamboanga del Sur",
        "Midsalip": "Zamboanga del Sur",
        "Molave": "Zamboanga del Sur",
        "Ramon Magsaysay": "Zamboanga del Sur",
        "San Miguel": "Zamboanga del Sur",
        "San Pablo": "Zamboanga del Sur",
        "Sominot": "Zamboanga del Sur",
        "Tabina": "Zamboanga del Sur",
        "Tambulig": "Zamboanga del Sur",
        "Tigbao": "Zamboanga del Sur",
        "Tukuran": "Zamboanga del Sur",
        "Vincenzo A. Sagun": "Zamboanga del Sur",
        "Zamboanga City": "Zamboanga del Sur",
        "Isabela": "Zamboanga del Sur",
        "Buug": "Zamboanga Sibugay",
        "Imelda": "Zamboanga Sibugay",
        "Ipil": "Zamboanga Sibugay",
        "Kabasalan": "Zamboanga Sibugay",
        "Mabuhay": "Zamboanga Sibugay",
        "Malangas": "Zamboanga Sibugay",
        "Naga": "Zamboanga Sibugay",
        "Olutanga": "Zamboanga Sibugay",
        "Payao": "Zamboanga Sibugay",
        "Roseller Lim": "Zamboanga Sibugay",
        "Siay": "Zamboanga Sibugay",
        "Talusan": "Zamboanga Sibugay",
        "Titay": "Zamboanga Sibugay",
        "Tungawan": "Zamboanga Sibugay"
      }
    },
    "Region X - Northern Mindanao": {
      "provinces": [
        "Bukidnon",
        "Camiguin",
        "Lanao del Norte",
        "Misamis Occidental",
        "Misamis Oriental"
      ],
      "cities": [
        "Malaybalay",
        "Valencia",
        "Iligan",
        "Oroquieta",
        "Ozamis",
        "Tangub",
        "Cagayan de Oro",
        "Gingoog",
        "Balingasag",
        "Balingoan",
        "Binuangan",
        "Claveria",
        "El Salvador",
        "Gitagum",
        "Initao",
        "Jasaan",
        "Kinoguitan",
        "Lagonglong",
        "Laguindingan",
        "Libertad",
        "Lugait",
        "Magsaysay",
        "Manticao",
        "Medina",
        "Naawan",
        "Opol",
        "Salay",
        "Sugbongcogon",
        "Tagoloan",
        "Talisayan",
        "Villanueva",
        "Baungon",
        "Cabanglasan",
        "Damulog",
        "Dangcagan",
        "Don Carlos",
        "Impasugong",
        "Kadingilan",
        "Kalilangan",
        "Kibawe",
        "Kitaotao",
        "Lantapan",
        "Libona",
        "Malitbog",
        "Manolo Fortich",
        "Maramag",
        "Pangantucan",
        "Quezon",
        "San Fernando",
        "Sumilao",
        "Talakag",
        "Mambajao",
        "Catarman",
        "Guinsiliban",
        "Mahinog",
        "Sagay",
        "Aloran",
        "Baliangao",
        "Bonifacio",
        "Calamba",
        "Clarin",
        "Concepcion",
        "Jimenez",
        "Lopez Jaena",
        "Panaon",
        "Plaridel",
        "Sapang Dalaga",
        "Sinacaban",
        "Tudela",
        "Baloi",
        "Baroy",
        "Kapatagan",
        "Kauswagan",
        "Kolambugan",
        "Lala",
        "Linamon",
        "Magsaysay",
        "Maigo",
        "Matungao",
        "Munai",
        "Nunungan",
        "Pantao Ragat",
        "Pantar",
        "Poona Piagapo",
        "Salvador",
        "Sapad",
        "Sultan Naga Dimaporo",
        "Tagoloan",
        "Tangcal",
        "Tubod"
      ],
      "cityProvinceMap": {
        "Malaybalay": "Bukidnon",
        "Valencia": "Bukidnon",
        "Baungon": "Bukidnon",
        "Cabanglasan": "Bukidnon",
        "Damulog": "Bukidnon",
        "Dangcagan": "Bukidnon",
        "Don Carlos": "Bukidnon",
        "Impasugong": "Bukidnon",
        "Kadingilan": "Bukidnon",
        "Kalilangan": "Bukidnon",
        "Kibawe": "Bukidnon",
        "Kitaotao": "Bukidnon",
        "Lantapan": "Bukidnon",
        "Libona": "Bukidnon",
        "Malitbog": "Bukidnon",
        "Manolo Fortich": "Bukidnon",
        "Maramag": "Bukidnon",
        "Pangantucan": "Bukidnon",
        "Quezon": "Bukidnon",
        "San Fernando": "Bukidnon",
        "Sumilao": "Bukidnon",
        "Talakag": "Bukidnon",
        "Mambajao": "Camiguin",
        "Catarman": "Camiguin",
        "Guinsiliban": "Camiguin",
        "Mahinog": "Camiguin",
        "Sagay": "Camiguin",
        "Iligan": "Lanao del Norte",
        "Baloi": "Lanao del Norte",
        "Baroy": "Lanao del Norte",
        "Kapatagan": "Lanao del Norte",
        "Kauswagan": "Lanao del Norte",
        "Kolambugan": "Lanao del Norte",
        "Lala": "Lanao del Norte",
        "Linamon": "Lanao del Norte",
        "Magsaysay": "Lanao del Norte",
        "Maigo": "Lanao del Norte",
        "Matungao": "Lanao del Norte",
        "Munai": "Lanao del Norte",
        "Nunungan": "Lanao del Norte",
        "Pantao Ragat": "Lanao del Norte",
        "Pantar": "Lanao del Norte",
        "Poona Piagapo": "Lanao del Norte",
        "Salvador": "Lanao del Norte",
        "Sapad": "Lanao del Norte",
        "Sultan Naga Dimaporo": "Lanao del Norte",
        "Tagoloan": "Lanao del Norte",
        "Tangcal": "Lanao del Norte",
        "Tubod": "Lanao del Norte",
        "Oroquieta": "Misamis Occidental",
        "Ozamis": "Misamis Occidental",
        "Tangub": "Misamis Occidental",
        "Aloran": "Misamis Occidental",
        "Baliangao": "Misamis Occidental",
        "Bonifacio": "Misamis Occidental",
        "Calamba": "Misamis Occidental",
        "Clarin": "Misamis Occidental",
        "Concepcion": "Misamis Occidental",
        "Jimenez": "Misamis Occidental",
        "Lopez Jaena": "Misamis Occidental",
        "Panaon": "Misamis Occidental",
        "Plaridel": "Misamis Occidental",
        "Sapang Dalaga": "Misamis Occidental",
        "Sinacaban": "Misamis Occidental",
        "Tudela": "Misamis Occidental",
        "Cagayan de Oro": "Misamis Oriental",
        "Gingoog": "Misamis Oriental",
        "Balingasag": "Misamis Oriental",
        "Balingoan": "Misamis Oriental",
        "Binuangan": "Misamis Oriental",
        "Claveria": "Misamis Oriental",
        "El Salvador": "Misamis Oriental",
        "Gitagum": "Misamis Oriental",
        "Initao": "Misamis Oriental",
        "Jasaan": "Misamis Oriental",
        "Kinoguitan": "Misamis Oriental",
        "Lagonglong": "Misamis Oriental",
        "Laguindingan": "Misamis Oriental",
        "Libertad": "Misamis Oriental",
        "Lugait": "Misamis Oriental",
        "Magsaysay": "Misamis Oriental",
        "Manticao": "Misamis Oriental",
        "Medina": "Misamis Oriental",
        "Naawan": "Misamis Oriental",
        "Opol": "Misamis Oriental",
        "Salay": "Misamis Oriental",
        "Sugbongcogon": "Misamis Oriental",
        "Tagoloan": "Misamis Oriental",
        "Talisayan": "Misamis Oriental",
        "Villanueva": "Misamis Oriental"
      }
    },
    "Region XI - Davao Region": {
      "provinces": [
        "Davao de Oro",
        "Davao del Norte",
        "Davao del Sur",
        "Davao Occidental",
        "Davao Oriental"
      ],
      "cities": [
        "Davao City",
        "Tagum",
        "Digos",
        "Mati",
        "Panabo",
        "Samal",
        "Compostela",
        "Lupon",
        "Maco",
        "Malita",
        "Mabini",
        "Monkayo",
        "Pantukan",
        "Santa Cruz",
        "Asuncion",
        "Braulio E. Dujali",
        "Carmen",
        "Kapalong",
        "New Corella",
        "Santo Tomas",
        "Bansalan",
        "Hagonoy",
        "Kiblawan",
        "Magsaysay",
        "Malalag",
        "Matanao",
        "Padada",
        "Sulop",
        "Baganga",
        "Banaybanay",
        "Boston",
        "Caraga",
        "Cateel",
        "Governor Generoso",
        "San Isidro",
        "Don Marcelino",
        "Jose Abad Santos",
        "Sarangani"
      ],
      "cityProvinceMap": {
        "Compostela": "Davao de Oro",
        "Mabini": "Davao de Oro",
        "Maco": "Davao de Oro",
        "Monkayo": "Davao de Oro",
        "Pantukan": "Davao de Oro",
        "Laak": "Davao de Oro",
        "Maragusan": "Davao de Oro",
        "Mawab": "Davao de Oro",
        "Montevista": "Davao de Oro",
        "Nabunturan": "Davao de Oro",
        "New Bataan": "Davao de Oro",
        "Tagum": "Davao del Norte",
        "Panabo": "Davao del Norte",
        "Samal": "Davao del Norte",
        "Asuncion": "Davao del Norte",
        "Braulio E. Dujali": "Davao del Norte",
        "Carmen": "Davao del Norte",
        "Kapalong": "Davao del Norte",
        "New Corella": "Davao del Norte",
        "Santo Tomas": "Davao del Norte",
        "Davao City": "Davao del Sur",
        "Digos": "Davao del Sur",
        "Bansalan": "Davao del Sur",
        "Hagonoy": "Davao del Sur",
        "Kiblawan": "Davao del Sur",
        "Magsaysay": "Davao del Sur",
        "Malalag": "Davao del Sur",
        "Matanao": "Davao del Sur",
        "Padada": "Davao del Sur",
        "Santa Cruz": "Davao del Sur",
        "Sulop": "Davao del Sur",
        "Malita": "Davao Occidental",
        "Don Marcelino": "Davao Occidental",
        "Jose Abad Santos": "Davao Occidental",
        "Sarangani": "Davao Occidental",
        "Santa Maria": "Davao Occidental",
        "Mati": "Davao Oriental",
        "Baganga": "Davao Oriental",
        "Banaybanay": "Davao Oriental",
        "Boston": "Davao Oriental",
        "Caraga": "Davao Oriental",
        "Cateel": "Davao Oriental",
        "Governor Generoso": "Davao Oriental",
        "Lupon": "Davao Oriental",
        "San Isidro": "Davao Oriental",
        "Tarragona": "Davao Oriental"
      }
    },
    "Region XII - SOCCSKSARGEN": {
      "provinces": [
        "Cotabato",
        "Sarangani",
        "South Cotabato",
        "Sultan Kudarat"
      ],
      "cities": [
        "Kidapawan",
        "General Santos",
        "Koronadal",
        "Tacurong",
        "Alabel",
        "Alamada",
        "Aleosan",
        "Antipas",
        "Arakan",
        "Banisilan",
        "Carmen",
        "Kabacan",
        "Libungan",
        "M'lang",
        "Magpet",
        "Makilala",
        "Matalam",
        "Midsayap",
        "Pigcawayan",
        "Pikit",
        "President Roxas",
        "Tulunan",
        "Glan",
        "Kiamba",
        "Maasim",
        "Maitum",
        "Malapatan",
        "Malungon",
        "Banga",
        "Lake Sebu",
        "Norala",
        "Polomolok",
        "Santo Niño",
        "Surallah",
        "T'boli",
        "Tampakan",
        "Tantangan",
        "Tupi",
        "Bagumbayan",
        "Columbio",
        "Esperanza",
        "Isulan",
        "Kalamansig",
        "Lambayong",
        "Lebak",
        "Lutayan",
        "Palimbang",
        "President Quirino",
        "Senator Ninoy Aquino"
      ],
      "cityProvinceMap": {
        "Kidapawan": "Cotabato",
        "Alamada": "Cotabato",
        "Aleosan": "Cotabato",
        "Antipas": "Cotabato",
        "Arakan": "Cotabato",
        "Banisilan": "Cotabato",
        "Carmen": "Cotabato",
        "Kabacan": "Cotabato",
        "Libungan": "Cotabato",
        "M'lang": "Cotabato",
        "Magpet": "Cotabato",
        "Makilala": "Cotabato",
        "Matalam": "Cotabato",
        "Midsayap": "Cotabato",
        "Pigcawayan": "Cotabato",
        "Pikit": "Cotabato",
        "President Roxas": "Cotabato",
        "Tulunan": "Cotabato",
        "Alabel": "Sarangani",
        "Glan": "Sarangani",
        "Kiamba": "Sarangani",
        "Maasim": "Sarangani",
        "Maitum": "Sarangani",
        "Malapatan": "Sarangani",
        "Malungon": "Sarangani",
        "General Santos": "South Cotabato",
        "Koronadal": "South Cotabato",
        "Banga": "South Cotabato",
        "Lake Sebu": "South Cotabato",
        "Norala": "South Cotabato",
        "Polomolok": "South Cotabato",
        "Santo Niño": "South Cotabato",
        "Surallah": "South Cotabato",
        "T'boli": "South Cotabato",
        "Tampakan": "South Cotabato",
        "Tantangan": "South Cotabato",
        "Tupi": "South Cotabato",
        "Tacurong": "Sultan Kudarat",
        "Bagumbayan": "Sultan Kudarat",
        "Columbio": "Sultan Kudarat",
        "Esperanza": "Sultan Kudarat",
        "Isulan": "Sultan Kudarat",
        "Kalamansig": "Sultan Kudarat",
        "Lambayong": "Sultan Kudarat",
        "Lebak": "Sultan Kudarat",
        "Lutayan": "Sultan Kudarat",
        "Palimbang": "Sultan Kudarat",
        "President Quirino": "Sultan Kudarat",
        "Senator Ninoy Aquino": "Sultan Kudarat"
      }
    },
    "Region XIII - Caraga": {
      "provinces": [
        "Agusan del Norte",
        "Agusan del Sur",
        "Dinagat Islands",
        "Surigao del Norte",
        "Surigao del Sur"
      ],
      "cities": [
        "Butuan",
        "Cabadbaran",
        "Bayugan",
        "Tandag",
        "Bislig",
        "Buenavista",
        "Carmen",
        "Jabonga",
        "Kitcharao",
        "Las Nieves",
        "Magallanes",
        "Nasipit",
        "Remedios T. Romualdez",
        "Santiago",
        "Tubay",
        "Bunawan",
        "Esperanza",
        "La Paz",
        "Loreto",
        "Prosperidad",
        "Rosario",
        "San Francisco",
        "San Jose",
        "San Luis",
        "Santa Josefa",
        "Sibagat",
        "Talacogon",
        "Trento",
        "Veruela",
        "Basilisa",
        "Cagdianao",
        "Dinagat",
        "Libjo",
        "Loreto",
        "San Jose",
        "Tubajon",
        "Alegria",
        "Bacuag",
        "Burgos",
        "Claver",
        "Dapa",
        "Del Carmen",
        "General Luna",
        "Gigaquit",
        "Mainit",
        "Malimono",
        "Pilar",
        "Placer",
        "San Benito",
        "San Francisco",
        "San Isidro",
        "Santa Monica",
        "Sison",
        "Socorro",
        "Surigao City",
        "Tagana-an",
        "Tubod",
        "Barobo",
        "Bayabas",
        "Cagwait",
        "Cantilan",
        "Carmen",
        "Carrascal",
        "Cortes",
        "Hinatuan",
        "Lanuza",
        "Lianga",
        "Lingig",
        "Madrid",
        "Marihatag",
        "San Agustin",
        "San Miguel",
        "Tagbina"
      ],
      "cityProvinceMap": {
        "Butuan": "Agusan del Norte",
        "Cabadbaran": "Agusan del Norte",
        "Buenavista": "Agusan del Norte",
        "Carmen": "Agusan del Norte",
        "Jabonga": "Agusan del Norte",
        "Kitcharao": "Agusan del Norte",
        "Las Nieves": "Agusan del Norte",
        "Magallanes": "Agusan del Norte",
        "Nasipit": "Agusan del Norte",
        "Remedios T. Romualdez": "Agusan del Norte",
        "Santiago": "Agusan del Norte",
        "Tubay": "Agusan del Norte",
        "Bayugan": "Agusan del Sur",
        "Bunawan": "Agusan del Sur",
        "Esperanza": "Agusan del Sur",
        "La Paz": "Agusan del Sur",
        "Loreto": "Agusan del Sur",
        "Prosperidad": "Agusan del Sur",
        "Rosario": "Agusan del Sur",
        "San Francisco": "Agusan del Sur",
        "San Luis": "Agusan del Sur",
        "Santa Josefa": "Agusan del Sur",
        "Sibagat": "Agusan del Sur",
        "Talacogon": "Agusan del Sur",
        "Trento": "Agusan del Sur",
        "Veruela": "Agusan del Sur",
        "Basilisa": "Dinagat Islands",
        "Cagdianao": "Dinagat Islands",
        "Dinagat": "Dinagat Islands",
        "Libjo": "Dinagat Islands",
        "Loreto": "Dinagat Islands",
        "San Jose": "Dinagat Islands",
        "Tubajon": "Dinagat Islands",
        "Surigao City": "Surigao del Norte",
        "Alegria": "Surigao del Norte",
        "Bacuag": "Surigao del Norte",
        "Burgos": "Surigao del Norte",
        "Claver": "Surigao del Norte",
        "Dapa": "Surigao del Norte",
        "Del Carmen": "Surigao del Norte",
        "General Luna": "Surigao del Norte",
        "Gigaquit": "Surigao del Norte",
        "Mainit": "Surigao del Norte",
        "Malimono": "Surigao del Norte",
        "Pilar": "Surigao del Norte",
        "Placer": "Surigao del Norte",
        "San Benito": "Surigao del Norte",
        "San Francisco": "Surigao del Norte",
        "San Isidro": "Surigao del Norte",
        "Santa Monica": "Surigao del Norte",
        "Sison": "Surigao del Norte",
        "Socorro": "Surigao del Norte",
        "Tagana-an": "Surigao del Norte",
        "Tubod": "Surigao del Norte",
        "Tandag": "Surigao del Sur",
        "Bislig": "Surigao del Sur",
        "Barobo": "Surigao del Sur",
        "Bayabas": "Surigao del Sur",
        "Cagwait": "Surigao del Sur",
        "Cantilan": "Surigao del Sur",
        "Carmen": "Surigao del Sur",
        "Carrascal": "Surigao del Sur",
        "Cortes": "Surigao del Sur",
        "Hinatuan": "Surigao del Sur",
        "Lanuza": "Surigao del Sur",
        "Lianga": "Surigao del Sur",
        "Lingig": "Surigao del Sur",
        "Madrid": "Surigao del Sur",
        "Marihatag": "Surigao del Sur",
        "San Agustin": "Surigao del Sur",
        "San Miguel": "Surigao del Sur",
        "Tagbina": "Surigao del Sur"
      }
    },
    "NCR - National Capital Region": {
      "provinces": [],
      "cities": [
        "Caloocan",
        "Las Piñas",
        "Makati",
        "Malabon",
        "Mandaluyong",
        "Manila",
        "Marikina",
        "Muntinlupa",
        "Navotas",
        "Parañaque",
        "Pasay",
        "Pasig",
        "Pateros",
        "Quezon City",
        "San Juan",
        "Taguig",
        "Valenzuela"
      ],
      "cityProvinceMap": {
        "Caloocan": "Metro Manila",
        "Las Piñas": "Metro Manila",
        "Makati": "Metro Manila",
        "Malabon": "Metro Manila",
        "Mandaluyong": "Metro Manila",
        "Manila": "Metro Manila",
        "Marikina": "Metro Manila",
        "Muntinlupa": "Metro Manila",
        "Navotas": "Metro Manila",
        "Parañaque": "Metro Manila",
        "Pasay": "Metro Manila",
        "Pasig": "Metro Manila",
        "Pateros": "Metro Manila",
        "Quezon City": "Metro Manila",
        "San Juan": "Metro Manila",
        "Taguig": "Metro Manila",
        "Valenzuela": "Metro Manila"
      }
    },
    "CAR - Cordillera Administrative Region": {
      "provinces": [
        "Abra",
        "Apayao",
        "Benguet",
        "Ifugao",
        "Kalinga",
        "Mountain Province"
      ],
      "cities": [
        "Bangued",
        "Bontoc",
        "Tabuk",
        "Baguio",
        "Atok",
        "Bakun",
        "Bokod",
        "Buguias",
        "Itogon",
        "Kabayan",
        "Kapangan",
        "Kibungan",
        "La Trinidad",
        "Mankayan",
        "Sablan",
        "Tuba",
        "Tublay",
        "Boliney",
        "Bucay",
        "Bucloc",
        "Daguioman",
        "Danglas",
        "Dolores",
        "La Paz",
        "Lacub",
        "Lagangilang",
        "Lagayan",
        "Langiden",
        "Licuan-Baay",
        "Luba",
        "Malibcong",
        "Manabo",
        "Peñarrubia",
        "Pidigan",
        "Pilar",
        "Sallapadan",
        "San Isidro",
        "San Juan",
        "San Quintin",
        "Tayum",
        "Tineg",
        "Tubo",
        "Villaviciosa",
        "Calanasan",
        "Conner",
        "Flora",
        "Kabugao",
        "Luna",
        "Pudtol",
        "Santa Marcela",
        "Aguinaldo",
        "Alfonso Lista",
        "Asipulo",
        "Banaue",
        "Hingyon",
        "Hungduan",
        "Kiangan",
        "Lamut",
        "Mayoyao",
        "Tinoc",
        "Balbalan",
        "Lubuagan",
        "Pasil",
        "Pinukpuk",
        "Rizal",
        "Tanudan",
        "Tinglayan",
        "Barlig",
        "Bauko",
        "Besao",
        "Natonin",
        "Paracelis",
        "Sabangan",
        "Sadanga",
        "Sagada",
        "Tadian"
      ],
      "cityProvinceMap": {
        "Bangued": "Abra",
        "Boliney": "Abra",
        "Bucay": "Abra",
        "Bucloc": "Abra",
        "Daguioman": "Abra",
        "Danglas": "Abra",
        "Dolores": "Abra",
        "La Paz": "Abra",
        "Lacub": "Abra",
        "Lagangilang": "Abra",
        "Lagayan": "Abra",
        "Langiden": "Abra",
        "Licuan-Baay": "Abra",
        "Luba": "Abra",
        "Malibcong": "Abra",
        "Manabo": "Abra",
        "Peñarrubia": "Abra",
        "Pidigan": "Abra",
        "Pilar": "Abra",
        "Sallapadan": "Abra",
        "San Isidro": "Abra",
        "San Juan": "Abra",
        "San Quintin": "Abra",
        "Tayum": "Abra",
        "Tineg": "Abra",
        "Tubo": "Abra",
        "Villaviciosa": "Abra",
        "Calanasan": "Apayao",
        "Conner": "Apayao",
        "Flora": "Apayao",
        "Kabugao": "Apayao",
        "Luna": "Apayao",
        "Pudtol": "Apayao",
        "Santa Marcela": "Apayao",
        "Baguio": "Benguet",
        "Atok": "Benguet",
        "Bakun": "Benguet",
        "Bokod": "Benguet",
        "Buguias": "Benguet",
        "Itogon": "Benguet",
        "Kabayan": "Benguet",
        "Kapangan": "Benguet",
        "Kibungan": "Benguet",
        "La Trinidad": "Benguet",
        "Mankayan": "Benguet",
        "Sablan": "Benguet",
        "Tuba": "Benguet",
        "Tublay": "Benguet",
        "Aguinaldo": "Ifugao",
        "Alfonso Lista": "Ifugao",
        "Asipulo": "Ifugao",
        "Banaue": "Ifugao",
        "Hingyon": "Ifugao",
        "Hungduan": "Ifugao",
        "Kiangan": "Ifugao",
        "Lamut": "Ifugao",
        "Mayoyao": "Ifugao",
        "Tinoc": "Ifugao",
        "Tabuk": "Kalinga",
        "Balbalan": "Kalinga",
        "Lubuagan": "Kalinga",
        "Pasil": "Kalinga",
        "Pinukpuk": "Kalinga",
        "Rizal": "Kalinga",
        "Tanudan": "Kalinga",
        "Tinglayan": "Kalinga",
        "Bontoc": "Mountain Province",
        "Barlig": "Mountain Province",
        "Bauko": "Mountain Province",
        "Besao": "Mountain Province",
        "Natonin": "Mountain Province",
        "Paracelis": "Mountain Province",
        "Sabangan": "Mountain Province",
        "Sadanga": "Mountain Province",
        "Sagada": "Mountain Province",
        "Tadian": "Mountain Province"
      }
    },
    "BARMM - Bangsamoro Autonomous Region in Muslim Mindanao": {
      "provinces": [
        "Basilan",
        "Lanao del Sur",
        "Maguindanao del Norte",
        "Maguindanao del Sur",
        "Sulu",
        "Tawi-Tawi"
      ],
      "cities": [
        "Lamitan",
        "Marawi",
        "Cotabato City",
        "Bongao",
        "Isabela",
        "Jolo",
        "Al-Barka",
        "Hadji Panglima Tahil",
        "Indanan",
        "Kalingalan Caluang",
        "Lugus",
        "Luuk",
        "Maimbung",
        "Old Panamao",
        "Pandami",
        "Panglima Estino",
        "Panglima Sugala",
        "Pangutaran",
        "Parang",
        "Pata",
        "Patikul",
        "Siasi",
        "Talipao",
        "Tapul",
        "Tongkil",
        "Banguingui",
        "Baliguian",
        "Bayang",
        "Binidayan",
        "Buadiposo-Buntong",
        "Bubong",
        "Butig",
        "Calanogas",
        "Ditsaan-Ramain",
        "Ganassi",
        "Kapai",
        "Kapatagan",
        "Lumba-Bayabao",
        "Lumbaca-Unayan",
        "Lumbatan",
        "Lumbayanague",
        "Madalum",
        "Madamba",
        "Maguing",
        "Malabang",
        "Marantao",
        "Marogong",
        "Masiu",
        "Mulondo",
        "Pagayawan",
        "Piagapo",
        "Poona Bayabao",
        "Pualas",
        "Saguiaran",
        "Sultan Dumalondong",
        "Tagoloan II",
        "Tamparan",
        "Taraka",
        "Tubaran",
        "Tugaya",
        "Wao",
        "Barira",
        "Buldon",
        "Datu Anggal Midtimbang",
        "Datu Blah T. Sinsuat",
        "Datu Hoffer Ampatuan",
        "Datu Montawal",
        "Datu Odin Sinsuat",
        "Datu Salibo",
        "Datu Saudi-Ampatuan",
        "Datu Unsay",
        "Kabuntalan",
        "Matanog",
        "Northern Kabuntalan",
        "Parang",
        "Sultan Kudarat",
        "Sultan Mastura",
        "Talayan",
        "Upi",
        "Ampatuan",
        "Buluan",
        "Datu Abdullah Sangki",
        "Datu Piang",
        "Datu Paglas",
        "Gen. S.K. Pendatun",
        "Guindulungan",
        "Mamasapano",
        "Mangudadatu",
        "Pagalungan",
        "Paglat",
        "Pandag",
        "Rajah Buayan",
        "Shariff Aguak",
        "Shariff Saydona Mustapha",
        "South Upi",
        "Sultan sa Barongis",
        "Talitay"
      ],
      "cityProvinceMap": {
        "Lamitan": "Basilan",
        "Isabela": "Basilan",
        "Al-Barka": "Basilan",
        "Akbar": "Basilan",
        "Hadji Mohammad Ajul": "Basilan",
        "Hadji Muhtamad": "Basilan",
        "Lantawan": "Basilan",
        "Maluso": "Basilan",
        "Sumisip": "Basilan",
        "Tabuan-Lasa": "Basilan",
        "Tipo-Tipo": "Basilan",
        "Tubungan": "Basilan",
        "Ungkaya Pukan": "Basilan",
        "Marawi": "Lanao del Sur",
        "Bayang": "Lanao del Sur",
        "Binidayan": "Lanao del Sur",
        "Buadiposo-Buntong": "Lanao del Sur",
        "Bubong": "Lanao del Sur",
        "Butig": "Lanao del Sur",
        "Calanogas": "Lanao del Sur",
        "Ditsaan-Ramain": "Lanao del Sur",
        "Ganassi": "Lanao del Sur",
        "Kapai": "Lanao del Sur",
        "Kapatagan": "Lanao del Sur",
        "Lumba-Bayabao": "Lanao del Sur",
        "Lumbaca-Unayan": "Lanao del Sur",
        "Lumbatan": "Lanao del Sur",
        "Lumbayanague": "Lanao del Sur",
        "Madalum": "Lanao del Sur",
        "Madamba": "Lanao del Sur",
        "Maguing": "Lanao del Sur",
        "Malabang": "Lanao del Sur",
        "Marantao": "Lanao del Sur",
        "Marogong": "Lanao del Sur",
        "Masiu": "Lanao del Sur",
        "Mulondo": "Lanao del Sur",
        "Pagayawan": "Lanao del Sur",
        "Piagapo": "Lanao del Sur",
        "Poona Bayabao": "Lanao del Sur",
        "Pualas": "Lanao del Sur",
        "Saguiaran": "Lanao del Sur",
        "Sultan Dumalondong": "Lanao del Sur",
        "Tagoloan II": "Lanao del Sur",
        "Tamparan": "Lanao del Sur",
        "Taraka": "Lanao del Sur",
        "Tubaran": "Lanao del Sur",
        "Tugaya": "Lanao del Sur",
        "Wao": "Lanao del Sur",
        "Barira": "Maguindanao del Norte",
        "Buldon": "Maguindanao del Norte",
        "Datu Anggal Midtimbang": "Maguindanao del Norte",
        "Datu Blah T. Sinsuat": "Maguindanao del Norte",
        "Datu Odin Sinsuat": "Maguindanao del Norte",
        "Datu Salibo": "Maguindanao del Norte",
        "Kabuntalan": "Maguindanao del Norte",
        "Matanog": "Maguindanao del Norte",
        "Northern Kabuntalan": "Maguindanao del Norte",
        "Parang": "Maguindanao del Norte",
        "Sultan Kudarat": "Maguindanao del Norte",
        "Sultan Mastura": "Maguindanao del Norte",
        "Talayan": "Maguindanao del Norte",
        "Upi": "Maguindanao del Norte",
        "Ampatuan": "Maguindanao del Sur",
        "Buluan": "Maguindanao del Sur",
        "Datu Abdullah Sangki": "Maguindanao del Sur",
        "Datu Hoffer Ampatuan": "Maguindanao del Sur",
        "Datu Montawal": "Maguindanao del Sur",
        "Datu Piang": "Maguindanao del Sur",
        "Datu Paglas": "Maguindanao del Sur",
        "Datu Saudi-Ampatuan": "Maguindanao del Sur",
        "Datu Unsay": "Maguindanao del Sur",
        "Gen. S.K. Pendatun": "Maguindanao del Sur",
        "Guindulungan": "Maguindanao del Sur",
        "Mamasapano": "Maguindanao del Sur",
        "Mangudadatu": "Maguindanao del Sur",
        "Pagalungan": "Maguindanao del Sur",
        "Paglat": "Maguindanao del Sur",
        "Pandag": "Maguindanao del Sur",
        "Rajah Buayan": "Maguindanao del Sur",
        "Shariff Aguak": "Maguindanao del Sur",
        "Shariff Saydona Mustapha": "Maguindanao del Sur",
        "South Upi": "Maguindanao del Sur",
        "Sultan sa Barongis": "Maguindanao del Sur",
        "Talitay": "Maguindanao del Sur",
        "Cotabato City": "Maguindanao del Sur",
        "Jolo": "Sulu",
        "Hadji Panglima Tahil": "Sulu",
        "Indanan": "Sulu",
        "Kalingalan Caluang": "Sulu",
        "Lugus": "Sulu",
        "Luuk": "Sulu",
        "Maimbung": "Sulu",
        "Old Panamao": "Sulu",
        "Pandami": "Sulu",
        "Panglima Estino": "Sulu",
        "Pangutaran": "Sulu",
        "Parang": "Sulu",
        "Pata": "Sulu",
        "Patikul": "Sulu",
        "Siasi": "Sulu",
        "Talipao": "Sulu",
        "Tapul": "Sulu",
        "Bongao": "Tawi-Tawi",
        "Languyan": "Tawi-Tawi",
        "Mapun": "Tawi-Tawi",
        "Panglima Sugala": "Tawi-Tawi",
        "Sapa-Sapa": "Tawi-Tawi",
        "Sibutu": "Tawi-Tawi",
        "Simunul": "Tawi-Tawi",
        "Sitangkai": "Tawi-Tawi",
        "South Ubian": "Tawi-Tawi",
        "Tandubas": "Tawi-Tawi",
        "Turtle Islands": "Tawi-Tawi"
      }
    },
    "NIR - Negros Island Region": {
      "provinces": ["Negros Occidental", "Negros Oriental", "Siquijor"],
      "cities": [
        "Bacolod",
        "Bago",
        "Cadiz",
        "Escalante",
        "Himamaylan",
        "Kabankalan",
        "La Carlota",
        "Sagay",
        "San Carlos",
        "Silay",
        "Sipalay",
        "Talisay",
        "Victorias",
        "Dumaguete",
        "Bayawan",
        "Bais",
        "Canlaon",
        "Guihulngan",
        "Tanjay",
        "Siquijor",
        "Binalbagan",
        "Calatrava",
        "Candoni",
        "Cauayan",
        "Enrique B. Magalona",
        "Hinigaran",
        "Hinoba-an",
        "Ilog",
        "Isabela",
        "La Castellana",
        "Manapla",
        "Moises Padilla",
        "Murcia",
        "Pontevedra",
        "Pulupandan",
        "Salvador Benedicto",
        "San Enrique",
        "Toboso",
        "Valladolid",
        "Amlan",
        "Ayungon",
        "Bacong",
        "Basay",
        "Bindoy",
        "Dauin",
        "Jimalalud",
        "La Libertad",
        "Mabinay",
        "Manjuyod",
        "Pamplona",
        "San Jose",
        "Santa Catalina",
        "Siaton",
        "Sibulan",
        "Tayasan",
        "Valencia",
        "Vallehermoso",
        "Zamboanguita",
        "Enrique Villanueva",
        "Larena",
        "Lazi",
        "Maria",
        "San Juan"
      ],
      "cityProvinceMap": {
        "Bacolod": "Negros Occidental",
        "Bago": "Negros Occidental",
        "Cadiz": "Negros Occidental",
        "Escalante": "Negros Occidental",
        "Himamaylan": "Negros Occidental",
        "Kabankalan": "Negros Occidental",
        "La Carlota": "Negros Occidental",
        "Sagay": "Negros Occidental",
        "San Carlos": "Negros Occidental",
        "Silay": "Negros Occidental",
        "Sipalay": "Negros Occidental",
        "Talisay": "Negros Occidental",
        "Victorias": "Negros Occidental",
        "Binalbagan": "Negros Occidental",
        "Calatrava": "Negros Occidental",
        "Candoni": "Negros Occidental",
        "Cauayan": "Negros Occidental",
        "Enrique B. Magalona": "Negros Occidental",
        "Hinigaran": "Negros Occidental",
        "Hinoba-an": "Negros Occidental",
        "Ilog": "Negros Occidental",
        "Isabela": "Negros Occidental",
        "La Castellana": "Negros Occidental",
        "Manapla": "Negros Occidental",
        "Moises Padilla": "Negros Occidental",
        "Murcia": "Negros Occidental",
        "Pontevedra": "Negros Occidental",
        "Pulupandan": "Negros Occidental",
        "Salvador Benedicto": "Negros Occidental",
        "San Enrique": "Negros Occidental",
        "Toboso": "Negros Occidental",
        "Valladolid": "Negros Occidental",
        "Dumaguete": "Negros Oriental",
        "Bayawan": "Negros Oriental",
        "Bais": "Negros Oriental",
        "Canlaon": "Negros Oriental",
        "Guihulngan": "Negros Oriental",
        "Tanjay": "Negros Oriental",
        "Amlan": "Negros Oriental",
        "Ayungon": "Negros Oriental",
        "Bacong": "Negros Oriental",
        "Basay": "Negros Oriental",
        "Bindoy": "Negros Oriental",
        "Dauin": "Negros Oriental",
        "Jimalalud": "Negros Oriental",
        "La Libertad": "Negros Oriental",
        "Mabinay": "Negros Oriental",
        "Manjuyod": "Negros Oriental",
        "Pamplona": "Negros Oriental",
        "San Jose": "Negros Oriental",
        "Santa Catalina": "Negros Oriental",
        "Siaton": "Negros Oriental",
        "Sibulan": "Negros Oriental",
        "Tayasan": "Negros Oriental",
        "Valencia": "Negros Oriental",
        "Vallehermoso": "Negros Oriental",
        "Zamboanguita": "Negros Oriental",
        "Siquijor": "Siquijor",
        "Enrique Villanueva": "Siquijor",
        "Larena": "Siquijor",
        "Lazi": "Siquijor",
        "Maria": "Siquijor",
        "San Juan": "Siquijor"
      }
    }
  }
}
